[LOAD] game_character_stats: character_stats.py
[LOAD] game_player_combos: player_combos.py
[LOAD] game_awakening_events: awakening_events.py
[DATA] characters=125 / combos=88 / awakenings=27
[touyama_v2] 固定チーム(Defender/search) 確定ステータス:
  夢の街: acc=0.76 hs=0.35 dodge=0.23 reaction=115 ability=FLASH
  いぐるん: acc=0.92 hs=0.43 dodge=0.42 reaction=161 ability=RECON
  ろびぃな: acc=0.80 hs=0.35 dodge=0.75 reaction=152 ability=SMOKE
  Tortlilyan: acc=1.00 hs=0.28 dodge=0.39 reaction=156 ability=HUNT
  えんぺん: acc=0.90 hs=0.60 dodge=0.37 reaction=155 ability=FLASH
[touyama_v2] 固定監視方向: {'夢の街': 'E', 'いぐるん': 'NW', 'ろびぃな': 'S', 'Tortlilyan': 'SW', 'えんぺん': 'SW'}
[touyama_v2][DIAG] 配置 夢の街, いぐるん, ろびぃな, Tortlilyan, えんぺん
[touyama_v2][DIAG] 夢の街 spawn=(1, 18) nearest_defense_dist=22 
[touyama_v2][DIAG] いぐるん spawn=(1, 19) nearest_defense_dist=21 
[touyama_v2][DIAG] ろびぃな spawn=(1, 20) nearest_defense_dist=20 
[touyama_v2][DIAG] Tortlilyan spawn=(1, 21) nearest_defense_dist=19 
[touyama_v2][DIAG] えんぺん spawn=(1, 22) nearest_defense_dist=18 
[touyama_v2] 固定チーム(Attacker/escort) 確定ステータス:
  夢の街: acc=0.76 hs=0.35 dodge=0.23 reaction=115 ability=FLASH
  いぐるん: acc=0.92 hs=0.43 dodge=0.42 reaction=161 ability=RECON
  ろびぃな: acc=0.80 hs=0.35 dodge=0.75 reaction=152 ability=SMOKE
  Tortlilyan: acc=1.00 hs=0.28 dodge=0.39 reaction=156 ability=HUNT
  えんぺん: acc=0.90 hs=0.60 dodge=0.37 reaction=155 ability=FLASH
[touyama_v2] 固定チーム(Attacker/guard) 確定ステータス:
  夢の街: acc=0.76 hs=0.35 dodge=0.23 reaction=115 ability=FLASH
  いぐるん: acc=0.92 hs=0.43 dodge=0.42 reaction=161 ability=RECON
  ろびぃな: acc=0.80 hs=0.35 dodge=0.75 reaction=152 ability=SMOKE
  Tortlilyan: acc=1.00 hs=0.28 dodge=0.39 reaction=156 ability=HUNT
  えんぺん: acc=0.90 hs=0.60 dodge=0.37 reaction=155 ability=FLASH
[touyama_v2] サイト別プラント地点・ガードポジション:
  site0: plant=(7, 40) guard_positions=[(8, 40), (9, 38), (9, 39), (9, 40), (10, 38)]
  site1: plant=(8, 3) guard_positions=[(10, 2), (10, 3), (11, 1), (11, 2), (12, 1)]
[omoko_v1] 固定チーム(Attacker/escort) 確定ステータス:
  ねこさん: acc=0.87 hs=0.42 dodge=0.42 reaction=142 ability=SMOKE
  とりさん: acc=0.70 hs=0.35 dodge=0.55 reaction=150 ability=RECON
  おもこ: acc=0.92 hs=0.67 dodge=0.72 reaction=67 ability=FLASH
  いぬさん: acc=0.95 hs=0.33 dodge=0.28 reaction=135 ability=FLASH
  ひつじさん: acc=0.93 hs=0.45 dodge=0.25 reaction=135 ability=SMOKE
[omoko_v1] 固定チーム(Attacker/guard) 確定ステータス:
  ねこさん: acc=0.87 hs=0.42 dodge=0.42 reaction=142 ability=SMOKE
  とりさん: acc=0.70 hs=0.35 dodge=0.55 reaction=150 ability=RECON
  おもこ: acc=0.92 hs=0.67 dodge=0.72 reaction=67 ability=FLASH
  いぬさん: acc=0.95 hs=0.33 dodge=0.28 reaction=135 ability=FLASH
  ひつじさん: acc=0.93 hs=0.45 dodge=0.25 reaction=135 ability=SMOKE
[omoko_v1] サイト別プラント地点・ガードポジション:
  site0: plant=(7, 40) guard_positions=[(3, 40), (10, 39), (2, 40), (10, 38), (3, 38)]
  site1: plant=(8, 3) guard_positions=[(8, 1), (7, 1), (10, 2), (13, 3), (13, 7)]
[omoko_v1] 固定チーム(Defender/search) 確定ステータス:
  ねこさん: acc=0.65 hs=0.20 dodge=0.20 reaction=120 ability=SMOKE
  とりさん: acc=0.55 hs=0.25 dodge=0.25 reaction=125 ability=RECON
  おもこ: acc=0.67 hs=0.67 dodge=0.67 reaction=67 ability=FLASH
  いぬさん: acc=0.70 hs=0.18 dodge=0.18 reaction=115 ability=FLASH
  ひつじさん: acc=0.68 hs=0.30 dodge=0.15 reaction=110 ability=SMOKE
[omoko_v1] 固定監視方向: {'ねこさん': 'SW', 'とりさん': 'S', 'おもこ': 'S', 'いぬさん': 'S', 'ひつじさん': 'W'}
[omoko_v1][DIAG] 配置 ねこさん, とりさん, おもこ, いぬさん, ひつじさん
[omoko_v1][DIAG] ねこさん spawn=(1, 18) nearest_defense_dist=12 
[omoko_v1][DIAG] とりさん spawn=(1, 19) nearest_defense_dist=13 
[omoko_v1][DIAG] おもこ spawn=(1, 20) nearest_defense_dist=12 
[omoko_v1][DIAG] いぬさん spawn=(1, 21) nearest_defense_dist=11 
[omoko_v1][DIAG] ひつじさん spawn=(1, 22) nearest_defense_dist=10 
[GC v1] loaded LearningAttackerCarryGCController: D:\git\ai_dnn\03.game\gc_v1\data\attacker_carry_gc_data\dqn_attacker_carry_gc_best_by_eval.pt (positioning_version=13, episode=2750)
[GC v1] loaded LearningAttackerEscortGCController: D:\git\ai_dnn\03.game\gc_v1\data\attacker_escort_gc_data\dqn_attacker_escort_gc_best_by_eval.pt
[GC v1] loaded LearningAttackerRetrieveGCController: D:\git\ai_dnn\03.game\gc_v1\data\attacker_retrieve_gc_data\dqn_attacker_retrieve_gc_best_by_eval.pt
[LearningAttackerGuardGCController] loaded: D:\git\ai_dnn\03.game\gc_v1\data\attacker_guard_gc_data\dqn_attacker_guard_gc_best_by_eval.pt
[GC v1] loaded LearningAttackerGuardGCController: D:\git\ai_dnn\03.game\gc_v1\data\attacker_guard_gc_data\dqn_attacker_guard_gc_best_by_eval.pt
[GC v1][A] carry=True escort=True retrieve=True guard=True
[GC Macro Runtime] loaded dqn_attacker_macro_gc_final.pt (episode=20000, obs=68, actions=12)
[GC GUARD] planted=(9, 3) pattern=5 assignments={'Absol': (10, 2), 'SugarZ3ro': (15, 3), 'SyouTa': (10, 6), 'Xdll': (6, 3), 'eKo': (6, 1)}
[ATTACKER GUARD GC] Xdll pos=(7, 3) action=2 move=(-1, 0) ability=False
[ATTACKER GUARD GC] SyouTa pos=(17, 3) action=2 move=(-1, 0) ability=False
[ATTACKER GUARD GC] eKo pos=(11, 3) action=2 move=(-1, 0) ability=False
[ATTACKER GUARD GC] SugarZ3ro pos=(21, 22) action=6 move=(0, -1) ability=False
[ATTACKER GUARD GC] Xdll pos=(6, 3) action=0 move=(0, 0) ability=False
[ATTACKER GUARD GC] SyouTa pos=(16, 3) action=2 move=(-1, 0) ability=False
[ATTACKER GUARD GC] Absol pos=(9, 3) action=3 move=(-1, 0) ability=True
[ATTACKER GUARD GC] eKo pos=(10, 3) action=1 move=(0, 0) ability=True
[ATTACKER GUARD GC] SugarZ3ro pos=(21, 21) action=6 move=(0, -1) ability=False
[ATTACKER GUARD GC] Xdll pos=(6, 3) action=0 move=(0, 0) ability=False
[ATTACKER GUARD GC] SyouTa pos=(15, 3) action=2 move=(-1, 0) ability=False
[ATTACKER GUARD GC] Absol pos=(9, 3) action=3 move=(-1, 0) ability=True
[ATTACKER GUARD GC] eKo pos=(10, 3) action=1 move=(0, 0) ability=True
[ATTACKER GUARD GC] SugarZ3ro pos=(21, 20) action=6 move=(0, -1) ability=False
[ATTACKER GUARD GC] Xdll pos=(6, 3) action=0 move=(0, 0) ability=False
[ATTACKER GUARD GC] SyouTa pos=(14, 3) action=2 move=(-1, 0) ability=False
[ATTACKER GUARD GC] Absol pos=(9, 3) action=3 move=(-1, 0) ability=True
[ATTACKER GUARD GC] eKo pos=(10, 3) action=0 move=(0, 0) ability=False
[ATTACKER GUARD GC] SugarZ3ro pos=(21, 19) action=6 move=(0, -1) ability=False
[ATTACKER GUARD GC] Xdll pos=(6, 3) action=0 move=(0, 0) ability=False
[ATTACKER GUARD GC] SyouTa pos=(13, 3) action=2 move=(-1, 0) ability=False
[ATTACKER GUARD GC] Absol pos=(9, 3) action=3 move=(-1, 0) ability=True
[ATTACKER GUARD GC] eKo pos=(10, 3) action=0 move=(0, 0) ability=False
[ATTACKER GUARD GC] SugarZ3ro pos=(21, 18) action=6 move=(0, -1) ability=False
[ATTACKER GUARD GC] Xdll pos=(6, 3) action=0 move=(0, 0) ability=False
[ATTACKER GUARD GC] SyouTa pos=(12, 3) action=2 move=(-1, 0) ability=False
[ATTACKER GUARD GC] Absol pos=(9, 3) action=3 move=(-1, 0) ability=True
[ATTACKER GUARD GC] eKo pos=(10, 3) action=0 move=(0, 0) ability=False
[ATTACKER GUARD GC] SugarZ3ro pos=(21, 17) action=6 move=(0, -1) ability=False
[ATTACKER GUARD GC] Xdll pos=(6, 3) action=0 move=(0, 0) ability=False
[ATTACKER GUARD GC] SyouTa pos=(11, 3) action=8 move=(0, 1) ability=False
[ATTACKER GUARD GC] Absol pos=(9, 3) action=3 move=(-1, 0) ability=True
[ATTACKER GUARD GC] eKo pos=(10, 3) action=0 move=(0, 0) ability=False
[ATTACKER GUARD GC] SugarZ3ro pos=(21, 16) action=6 move=(0, -1) ability=False
[ATTACKER GUARD GC] Xdll pos=(6, 3) action=0 move=(0, 0) ability=False
[ATTACKER GUARD GC] SyouTa pos=(11, 4) action=8 move=(0, 1) ability=False
[ATTACKER GUARD GC] Absol pos=(9, 3) action=3 move=(-1, 0) ability=True
[ATTACKER GUARD GC] eKo pos=(10, 3) action=0 move=(0, 0) ability=False
[ATTACKER GUARD GC] SugarZ3ro pos=(21, 15) action=6 move=(0, -1) ability=False
[ATTACKER GUARD GC] Xdll pos=(6, 3) action=0 move=(0, 0) ability=False
[ATTACKER GUARD GC] SyouTa pos=(11, 5) action=8 move=(0, 1) ability=False
[ATTACKER GUARD GC] Absol pos=(9, 3) action=3 move=(-1, 0) ability=True
[ATTACKER GUARD GC] eKo pos=(10, 3) action=0 move=(0, 0) ability=False
[ATTACKER GUARD GC] SugarZ3ro pos=(21, 14) action=6 move=(0, -1) ability=False
[ATTACKER GUARD GC] Xdll pos=(6, 3) action=0 move=(0, 0) ability=False
[ATTACKER GUARD GC] SyouTa pos=(11, 6) action=2 move=(-1, 0) ability=False
[ATTACKER GUARD GC] Absol pos=(9, 3) action=3 move=(-1, 0) ability=True
[ATTACKER GUARD GC] eKo pos=(10, 3) action=0 move=(0, 0) ability=False
[ATTACKER GUARD GC] SugarZ3ro pos=(21, 13) action=6 move=(0, -1) ability=False
[ATTACKER GUARD GC] Xdll pos=(6, 3) action=0 move=(0, 0) ability=False
[ATTACKER GUARD GC] SyouTa pos=(10, 6) action=0 move=(0, 0) ability=False
[ATTACKER GUARD GC] Absol pos=(9, 3) action=3 move=(-1, 0) ability=True
[ATTACKER GUARD GC] eKo pos=(10, 3) action=0 move=(0, 0) ability=False
[ATTACKER GUARD GC] SugarZ3ro pos=(21, 12) action=6 move=(0, -1) ability=False
[ATTACKER GUARD GC] Xdll pos=(6, 3) action=0 move=(0, 0) ability=False
[ATTACKER GUARD GC] SyouTa pos=(10, 6) action=0 move=(0, 0) ability=False
[ATTACKER GUARD GC] Absol pos=(9, 3) action=3 move=(-1, 0) ability=True
[ATTACKER GUARD GC] eKo pos=(10, 3) action=0 move=(0, 0) ability=False
[ATTACKER GUARD GC] SugarZ3ro pos=(21, 11) action=6 move=(0, -1) ability=False
[ATTACKER GUARD GC] Xdll pos=(6, 3) action=0 move=(0, 0) ability=False
[ATTACKER GUARD GC] SyouTa pos=(10, 6) action=0 move=(0, 0) ability=False
[ATTACKER GUARD GC] Absol pos=(9, 3) action=3 move=(-1, 0) ability=True
[ATTACKER GUARD GC] eKo pos=(10, 3) action=0 move=(0, 0) ability=False
[ATTACKER GUARD GC] SugarZ3ro pos=(21, 10) action=6 move=(0, -1) ability=False
[ATTACKER GUARD GC] Xdll pos=(6, 3) action=0 move=(0, 0) ability=False
[ATTACKER GUARD GC] SyouTa pos=(10, 6) action=0 move=(0, 0) ability=False
[ATTACKER GUARD GC] Absol pos=(9, 3) action=3 move=(-1, 0) ability=True
[ATTACKER GUARD GC] eKo pos=(10, 3) action=0 move=(0, 0) ability=False
[ATTACKER GUARD GC] SugarZ3ro pos=(21, 9) action=3 move=(-1, 0) ability=True
[ATTACKER GUARD GC] Xdll pos=(6, 3) action=0 move=(0, 0) ability=False
[ATTACKER GUARD GC] SyouTa pos=(10, 6) action=0 move=(0, 0) ability=False
[ATTACKER GUARD GC] Absol pos=(9, 3) action=0 move=(0, 0) ability=False
[ATTACKER GUARD GC] eKo pos=(10, 3) action=0 move=(0, 0) ability=False
[ATTACKER GUARD GC] SugarZ3ro pos=(21, 9) action=2 move=(-1, 0) ability=False
[ATTACKER GUARD GC] Xdll pos=(6, 3) action=0 move=(0, 0) ability=False
[ATTACKER GUARD GC] SyouTa pos=(10, 6) action=0 move=(0, 0) ability=False
[ATTACKER GUARD GC] Absol pos=(9, 3) action=0 move=(0, 0) ability=False
[ATTACKER GUARD GC] eKo pos=(10, 3) action=0 move=(0, 0) ability=False
[ATTACKER GUARD GC] SugarZ3ro pos=(20, 9) action=2 move=(-1, 0) ability=False
[ATTACKER GUARD GC] Xdll pos=(6, 3) action=0 move=(0, 0) ability=False
[ATTACKER GUARD GC] SyouTa pos=(10, 6) action=0 move=(0, 0) ability=False
[ATTACKER GUARD GC] Absol pos=(9, 3) action=0 move=(0, 0) ability=False
[ATTACKER GUARD GC] eKo pos=(10, 3) action=0 move=(0, 0) ability=False
[ATTACKER GUARD GC] SugarZ3ro pos=(19, 9) action=2 move=(-1, 0) ability=False
[ATTACKER GUARD GC] Xdll pos=(6, 3) action=0 move=(0, 0) ability=False
[ATTACKER GUARD GC] SyouTa pos=(10, 6) action=0 move=(0, 0) ability=False
[ATTACKER GUARD GC] Absol pos=(9, 3) action=0 move=(0, 0) ability=False
[ATTACKER GUARD GC] eKo pos=(10, 3) action=0 move=(0, 0) ability=False
[ATTACKER GUARD GC] SugarZ3ro pos=(18, 9) action=2 move=(-1, 0) ability=False
[ATTACKER GUARD GC] Xdll pos=(6, 3) action=0 move=(0, 0) ability=False
[ATTACKER GUARD GC] SyouTa pos=(10, 6) action=0 move=(0, 0) ability=False
[ATTACKER GUARD GC] Absol pos=(9, 3) action=0 move=(0, 0) ability=False
[ATTACKER GUARD GC] eKo pos=(10, 3) action=0 move=(0, 0) ability=False
[ATTACKER GUARD GC] SugarZ3ro pos=(17, 9) action=2 move=(-1, 0) ability=False
[ATTACKER GUARD GC] Xdll pos=(6, 3) action=0 move=(0, 0) ability=False
[ATTACKER GUARD GC] SyouTa pos=(10, 6) action=0 move=(0, 0) ability=False
[ATTACKER GUARD GC] Absol pos=(9, 3) action=0 move=(0, 0) ability=False
[ATTACKER GUARD GC] eKo pos=(10, 3) action=0 move=(0, 0) ability=False
[ATTACKER GUARD GC] SugarZ3ro pos=(16, 9) action=6 move=(0, -1) ability=False
[ATTACKER GUARD GC] Xdll pos=(6, 3) action=0 move=(0, 0) ability=False
[ATTACKER GUARD GC] SyouTa pos=(10, 6) action=0 move=(0, 0) ability=False
[ATTACKER GUARD GC] Absol pos=(9, 3) action=0 move=(0, 0) ability=False
[ATTACKER GUARD GC] eKo pos=(10, 3) action=0 move=(0, 0) ability=False
[ATTACKER GUARD GC] SugarZ3ro pos=(16, 8) action=6 move=(0, -1) ability=False
[ATTACKER GUARD GC] Xdll pos=(6, 3) action=0 move=(0, 0) ability=False
[ATTACKER GUARD GC] SyouTa pos=(10, 6) action=0 move=(0, 0) ability=False
[ATTACKER GUARD GC] Absol pos=(9, 3) action=0 move=(0, 0) ability=False
[ATTACKER GUARD GC] eKo pos=(10, 3) action=0 move=(0, 0) ability=False
[ATTACKER GUARD GC] SugarZ3ro pos=(16, 7) action=6 move=(0, -1) ability=False
[ATTACKER GUARD GC] Xdll pos=(6, 3) action=0 move=(0, 0) ability=False
[ATTACKER GUARD GC] SyouTa pos=(10, 6) action=0 move=(0, 0) ability=False
[ATTACKER GUARD GC] Absol pos=(9, 3) action=0 move=(0, 0) ability=False
[ATTACKER GUARD GC] eKo pos=(10, 3) action=0 move=(0, 0) ability=False
[ATTACKER GUARD GC] SugarZ3ro pos=(16, 6) action=2 move=(-1, 0) ability=False
[ATTACKER GUARD GC] Xdll pos=(6, 3) action=0 move=(0, 0) ability=False
[ATTACKER GUARD GC] SyouTa pos=(10, 6) action=0 move=(0, 0) ability=False
[ATTACKER GUARD GC] Absol pos=(9, 3) action=0 move=(0, 0) ability=False
[ATTACKER GUARD GC] eKo pos=(10, 3) action=0 move=(0, 0) ability=False
[ATTACKER GUARD GC] SugarZ3ro pos=(15, 6) action=6 move=(0, -1) ability=False
[ATTACKER GUARD GC] Xdll pos=(6, 3) action=0 move=(0, 0) ability=False
[ATTACKER GUARD GC] SyouTa pos=(10, 6) action=0 move=(0, 0) ability=False
[ATTACKER GUARD GC] Absol pos=(9, 3) action=0 move=(0, 0) ability=False
[ATTACKER GUARD GC] eKo pos=(10, 3) action=0 move=(0, 0) ability=False
[ATTACKER GUARD GC] SugarZ3ro pos=(15, 5) action=6 move=(0, -1) ability=False
[ATTACKER GUARD GC] Xdll pos=(6, 3) action=0 move=(0, 0) ability=False
[ATTACKER GUARD GC] SyouTa pos=(10, 6) action=0 move=(0, 0) ability=False
[ATTACKER GUARD GC] Absol pos=(9, 3) action=0 move=(0, 0) ability=False
[ATTACKER GUARD GC] eKo pos=(10, 3) action=0 move=(0, 0) ability=False
[ATTACKER GUARD GC] SugarZ3ro pos=(15, 4) action=6 move=(0, -1) ability=False
[ATTACKER GUARD GC] Xdll pos=(6, 3) action=0 move=(0, 0) ability=False
[ATTACKER GUARD GC] SyouTa pos=(10, 6) action=3 move=(-1, 0) ability=True
[ATTACKER GUARD GC] Absol pos=(9, 3) action=0 move=(0, 0) ability=False
[ATTACKER GUARD GC] eKo pos=(10, 3) action=0 move=(0, 0) ability=False
[ATTACKER GUARD GC] SugarZ3ro pos=(15, 3) action=0 move=(0, 0) ability=False
[ATTACKER GUARD GC] Xdll pos=(6, 3) action=0 move=(0, 0) ability=False
[ATTACKER GUARD GC] SyouTa pos=(10, 6) action=0 move=(0, 0) ability=False
[ATTACKER GUARD GC] Absol pos=(9, 3) action=0 move=(0, 0) ability=False
[ATTACKER GUARD GC] eKo pos=(10, 3) action=0 move=(0, 0) ability=False
[ATTACKER GUARD GC] SugarZ3ro pos=(15, 3) action=0 move=(0, 0) ability=False
[ATTACKER GUARD GC] Xdll pos=(6, 3) action=0 move=(0, 0) ability=False
[ATTACKER GUARD GC] SyouTa pos=(10, 6) action=0 move=(0, 0) ability=False
[ATTACKER GUARD GC] Absol pos=(9, 3) action=0 move=(0, 0) ability=False
[ATTACKER GUARD GC] eKo pos=(10, 3) action=0 move=(0, 0) ability=False
[ATTACKER GUARD GC] SugarZ3ro pos=(15, 3) action=0 move=(0, 0) ability=False
[ATTACKER GUARD GC] Xdll pos=(6, 3) action=0 move=(0, 0) ability=False
[ATTACKER GUARD GC] SyouTa pos=(10, 6) action=0 move=(0, 0) ability=False
[ATTACKER GUARD GC] Absol pos=(9, 3) action=0 move=(0, 0) ability=False
[ATTACKER GUARD GC] eKo pos=(10, 3) action=0 move=(0, 0) ability=False
[ATTACKER GUARD GC] SugarZ3ro pos=(15, 3) action=0 move=(0, 0) ability=False
[ATTACKER GUARD GC] Xdll pos=(6, 3) action=0 move=(0, 0) ability=False
[ATTACKER GUARD GC] SyouTa pos=(10, 6) action=0 move=(0, 0) ability=False
[ATTACKER GUARD GC] Absol pos=(9, 3) action=0 move=(0, 0) ability=False
[ATTACKER GUARD GC] eKo pos=(10, 3) action=0 move=(0, 0) ability=False
[ATTACKER GUARD GC] SugarZ3ro pos=(15, 3) action=0 move=(0, 0) ability=False
[ATTACKER GUARD GC] Xdll pos=(6, 3) action=0 move=(0, 0) ability=False
[ATTACKER GUARD GC] SyouTa pos=(10, 6) action=0 move=(0, 0) ability=False
[ATTACKER GUARD GC] Absol pos=(9, 3) action=0 move=(0, 0) ability=False
[ATTACKER GUARD GC] eKo pos=(10, 3) action=0 move=(0, 0) ability=False
[ATTACKER GUARD GC] SugarZ3ro pos=(15, 3) action=0 move=(0, 0) ability=False
[ATTACKER GUARD GC] Xdll pos=(6, 3) action=0 move=(0, 0) ability=False
[ATTACKER GUARD GC] SyouTa pos=(10, 6) action=0 move=(0, 0) ability=False
[ATTACKER GUARD GC] Absol pos=(9, 3) action=0 move=(0, 0) ability=False
[ATTACKER GUARD GC] eKo pos=(10, 3) action=0 move=(0, 0) ability=False
[ATTACKER GUARD GC] SugarZ3ro pos=(15, 3) action=0 move=(0, 0) ability=False
[ATTACKER GUARD GC] Xdll pos=(6, 3) action=0 move=(0, 0) ability=False
[ATTACKER GUARD GC] SyouTa pos=(10, 6) action=0 move=(0, 0) ability=False
[ATTACKER GUARD GC] Absol pos=(9, 3) action=0 move=(0, 0) ability=False
[ATTACKER GUARD GC] eKo pos=(10, 3) action=0 move=(0, 0) ability=False
[ATTACKER GUARD GC] SugarZ3ro pos=(15, 3) action=0 move=(0, 0) ability=False
[ATTACKER GUARD GC] Xdll pos=(6, 3) action=0 move=(0, 0) ability=False
[ATTACKER GUARD GC] SyouTa pos=(10, 6) action=0 move=(0, 0) ability=False
[ATTACKER GUARD GC] Absol pos=(9, 3) action=0 move=(0, 0) ability=False
[ATTACKER GUARD GC] eKo pos=(10, 3) action=0 move=(0, 0) ability=False
[ATTACKER GUARD GC] SugarZ3ro pos=(15, 3) action=0 move=(0, 0) ability=False
[ATTACKER GUARD GC] Xdll pos=(6, 3) action=0 move=(0, 0) ability=False
[ATTACKER GUARD GC] SyouTa pos=(10, 6) action=0 move=(0, 0) ability=False
[ATTACKER GUARD GC] Absol pos=(9, 3) action=0 move=(0, 0) ability=False
[ATTACKER GUARD GC] eKo pos=(10, 3) action=0 move=(0, 0) ability=False
[ATTACKER GUARD GC] SugarZ3ro pos=(15, 3) action=0 move=(0, 0) ability=False
[ATTACKER GUARD GC] Xdll pos=(6, 3) action=0 move=(0, 0) ability=False
[ATTACKER GUARD GC] SyouTa pos=(10, 6) action=0 move=(0, 0) ability=False
[ATTACKER GUARD GC] Absol pos=(9, 3) action=0 move=(0, 0) ability=False
[ATTACKER GUARD GC] eKo pos=(10, 3) action=0 move=(0, 0) ability=False
[ATTACKER GUARD GC] SugarZ3ro pos=(15, 3) action=0 move=(0, 0) ability=False
[ATTACKER GUARD GC] Xdll pos=(6, 3) action=0 move=(0, 0) ability=False
[ATTACKER GUARD GC] SyouTa pos=(10, 6) action=0 move=(0, 0) ability=False
[ATTACKER GUARD GC] Absol pos=(9, 3) action=0 move=(0, 0) ability=False
[ATTACKER GUARD GC] eKo pos=(10, 3) action=0 move=(0, 0) ability=False
[ATTACKER GUARD GC] SugarZ3ro pos=(15, 3) action=0 move=(0, 0) ability=False
[ATTACKER GUARD GC] Xdll pos=(6, 3) action=0 move=(0, 0) ability=False
[ATTACKER GUARD GC] SyouTa pos=(10, 6) action=0 move=(0, 0) ability=False
[ATTACKER GUARD GC] Absol pos=(9, 3) action=0 move=(0, 0) ability=False
[ATTACKER GUARD GC] eKo pos=(10, 3) action=0 move=(0, 0) ability=False
[ATTACKER GUARD GC] SugarZ3ro pos=(15, 3) action=0 move=(0, 0) ability=False
[ATTACKER GUARD GC] Xdll pos=(6, 3) action=0 move=(0, 0) ability=False
[ATTACKER GUARD GC] SyouTa pos=(10, 6) action=0 move=(0, 0) ability=False
[ATTACKER GUARD GC] Absol pos=(9, 3) action=0 move=(0, 0) ability=False
[ATTACKER GUARD GC] eKo pos=(10, 3) action=0 move=(0, 0) ability=False
[ATTACKER GUARD GC] SugarZ3ro pos=(15, 3) action=0 move=(0, 0) ability=False
[ATTACKER GUARD GC] Xdll pos=(6, 3) action=0 move=(0, 0) ability=False
[ATTACKER GUARD GC] SyouTa pos=(10, 6) action=0 move=(0, 0) ability=False
[ATTACKER GUARD GC] Absol pos=(9, 3) action=0 move=(0, 0) ability=False
[ATTACKER GUARD GC] eKo pos=(10, 3) action=0 move=(0, 0) ability=False
[ATTACKER GUARD GC] SugarZ3ro pos=(15, 3) action=0 move=(0, 0) ability=False
[ATTACKER GUARD GC] Xdll pos=(6, 3) action=0 move=(0, 0) ability=False
[ATTACKER GUARD GC] SyouTa pos=(10, 6) action=0 move=(0, 0) ability=False
[ATTACKER GUARD GC] Absol pos=(9, 3) action=0 move=(0, 0) ability=False
[ATTACKER GUARD GC] eKo pos=(10, 3) action=0 move=(0, 0) ability=False
[ATTACKER GUARD GC] SugarZ3ro pos=(15, 3) action=0 move=(0, 0) ability=False
[ATTACKER GUARD GC] Xdll pos=(6, 3) action=0 move=(0, 0) ability=False
[ATTACKER GUARD GC] SyouTa pos=(10, 6) action=0 move=(0, 0) ability=False
[ATTACKER GUARD GC] Absol pos=(9, 3) action=0 move=(0, 0) ability=False
[ATTACKER GUARD GC] eKo pos=(10, 3) action=0 move=(0, 0) ability=False
[ATTACKER GUARD GC] SugarZ3ro pos=(15, 3) action=0 move=(0, 0) ability=False
[ATTACKER GUARD GC] Xdll pos=(6, 3) action=0 move=(0, 0) ability=False
[ATTACKER GUARD GC] SyouTa pos=(10, 6) action=0 move=(0, 0) ability=False
[ATTACKER GUARD GC] Absol pos=(9, 3) action=0 move=(0, 0) ability=False
[ATTACKER GUARD GC] eKo pos=(10, 3) action=0 move=(0, 0) ability=False
[ATTACKER GUARD GC] SugarZ3ro pos=(15, 3) action=0 move=(0, 0) ability=False
[ATTACKER GUARD GC] Xdll pos=(6, 3) action=0 move=(0, 0) ability=False
[ATTACKER GUARD GC] SyouTa pos=(10, 6) action=0 move=(0, 0) ability=False
[ATTACKER GUARD GC] Absol pos=(9, 3) action=0 move=(0, 0) ability=False
[ATTACKER GUARD GC] eKo pos=(10, 3) action=0 move=(0, 0) ability=False
[ATTACKER GUARD GC] SugarZ3ro pos=(15, 3) action=0 move=(0, 0) ability=False
[ATTACKER GUARD GC] Xdll pos=(6, 3) action=0 move=(0, 0) ability=False
[ATTACKER GUARD GC] SyouTa pos=(10, 6) action=0 move=(0, 0) ability=False
[ATTACKER GUARD GC] Absol pos=(9, 3) action=0 move=(0, 0) ability=False
[ATTACKER GUARD GC] eKo pos=(10, 3) action=0 move=(0, 0) ability=False
[ATTACKER GUARD GC] SugarZ3ro pos=(15, 3) action=0 move=(0, 0) ability=False
[ATTACKER GUARD GC] Xdll pos=(6, 3) action=0 move=(0, 0) ability=False
[ATTACKER GUARD GC] SyouTa pos=(10, 6) action=0 move=(0, 0) ability=False
[ATTACKER GUARD GC] Absol pos=(9, 3) action=0 move=(0, 0) ability=False
[ATTACKER GUARD GC] eKo pos=(10, 3) action=0 move=(0, 0) ability=False
[ATTACKER GUARD GC] SugarZ3ro pos=(15, 3) action=0 move=(0, 0) ability=False
[ATTACKER GUARD GC] Xdll pos=(6, 3) action=0 move=(0, 0) ability=False
[ATTACKER GUARD GC] SyouTa pos=(10, 6) action=0 move=(0, 0) ability=False
[ATTACKER GUARD GC] Absol pos=(9, 3) action=0 move=(0, 0) ability=False
[ATTACKER GUARD GC] eKo pos=(10, 3) action=0 move=(0, 0) ability=False
[ATTACKER GUARD GC] SugarZ3ro pos=(15, 3) action=0 move=(0, 0) ability=False
[ATTACKER GUARD GC] Xdll pos=(6, 3) action=0 move=(0, 0) ability=False
[ATTACKER GUARD GC] SyouTa pos=(10, 6) action=0 move=(0, 0) ability=False
[ATTACKER GUARD GC] Absol pos=(9, 3) action=0 move=(0, 0) ability=False
[ATTACKER GUARD GC] eKo pos=(10, 3) action=0 move=(0, 0) ability=False
[ATTACKER GUARD GC] SugarZ3ro pos=(15, 3) action=0 move=(0, 0) ability=False
[ATTACKER GUARD GC] Xdll pos=(6, 3) action=0 move=(0, 0) ability=False
[ATTACKER GUARD GC] SyouTa pos=(10, 6) action=0 move=(0, 0) ability=False
[ATTACKER GUARD GC] Absol pos=(9, 3) action=0 move=(0, 0) ability=False
[ATTACKER GUARD GC] eKo pos=(10, 3) action=0 move=(0, 0) ability=False
[ATTACKER GUARD GC] SugarZ3ro pos=(15, 3) action=0 move=(0, 0) ability=False
[ATTACKER GUARD GC] Xdll pos=(6, 3) action=0 move=(0, 0) ability=False
[ATTACKER GUARD GC] SyouTa pos=(10, 6) action=0 move=(0, 0) ability=False
[ATTACKER GUARD GC] Absol pos=(9, 3) action=0 move=(0, 0) ability=False
[ATTACKER GUARD GC] eKo pos=(10, 3) action=0 move=(0, 0) ability=False
[ATTACKER GUARD GC] SugarZ3ro pos=(15, 3) action=0 move=(0, 0) ability=False
[ATTACKER GUARD GC] Xdll pos=(6, 3) action=5 move=(1, 0) ability=True
[ATTACKER GUARD GC] SyouTa pos=(10, 6) action=0 move=(0, 0) ability=False
[ATTACKER GUARD GC] Absol pos=(9, 3) action=0 move=(0, 0) ability=False
[ATTACKER GUARD GC] eKo pos=(10, 3) action=6 move=(0, -1) ability=False
[ATTACKER GUARD GC] SugarZ3ro pos=(15, 3) action=4 move=(1, 0) ability=False
[ATTACKER GUARD GC] Xdll pos=(6, 3) action=5 move=(1, 0) ability=True
[ATTACKER GUARD GC] SyouTa pos=(10, 6) action=0 move=(0, 0) ability=False
[ATTACKER GUARD GC] Absol pos=(9, 3) action=4 move=(1, 0) ability=False
[ATTACKER GUARD GC] eKo pos=(10, 2) action=4 move=(1, 0) ability=False
[ATTACKER GUARD GC] SugarZ3ro pos=(16, 3) action=2 move=(-1, 0) ability=False
[ATTACKER GUARD GC] Xdll pos=(6, 3) action=0 move=(0, 0) ability=False
[ATTACKER GUARD GC] SyouTa pos=(10, 6) action=0 move=(0, 0) ability=False
[ATTACKER GUARD GC] Absol pos=(10, 3) action=2 move=(-1, 0) ability=False
[ATTACKER GUARD GC] eKo pos=(11, 2) action=2 move=(-1, 0) ability=False
[ATTACKER GUARD GC] SugarZ3ro pos=(15, 3) action=4 move=(1, 0) ability=False
[ATTACKER GUARD GC] Xdll pos=(6, 3) action=0 move=(0, 0) ability=False
[ATTACKER GUARD GC] SyouTa pos=(10, 6) action=0 move=(0, 0) ability=False
[ATTACKER GUARD GC] Absol pos=(9, 3) action=4 move=(1, 0) ability=False
[ATTACKER GUARD GC] eKo pos=(10, 2) action=6 move=(0, -1) ability=False
[ATTACKER GUARD GC] SugarZ3ro pos=(16, 3) action=2 move=(-1, 0) ability=False
[GC Macro] tick=9 B_RUSH -> B_SPLIT
[GC GUARD] planted=(9, 3) pattern=5 assignments={'Absol': (10, 2), 'SugarZ3ro': (10, 6), 'SyouTa': (4, 6), 'Xdll': (15, 3), 'eKo': (6, 6)}
[ATTACKER GUARD GC] Xdll pos=(20, 42) action=6 move=(0, -1) ability=False
[ATTACKER GUARD GC] SyouTa pos=(18, 32) action=6 move=(0, -1) ability=False
[ATTACKER GUARD GC] eKo pos=(15, 25) action=6 move=(0, -1) ability=False
[ATTACKER GUARD GC] SugarZ3ro pos=(16, 24) action=6 move=(0, -1) ability=False
[ATTACKER GUARD GC] Xdll pos=(20, 41) action=6 move=(0, -1) ability=False
[ATTACKER GUARD GC] SyouTa pos=(18, 31) action=0 move=(0, 0) ability=False
[ATTACKER GUARD GC] Absol pos=(9, 3) action=4 move=(1, 0) ability=False
[ATTACKER GUARD GC] eKo pos=(15, 24) action=6 move=(0, -1) ability=False
[ATTACKER GUARD GC] SugarZ3ro pos=(16, 23) action=6 move=(0, -1) ability=False
[ATTACKER GUARD GC] Xdll pos=(20, 40) action=4 move=(1, 0) ability=False
[ATTACKER GUARD GC] SyouTa pos=(18, 31) action=0 move=(0, 0) ability=False
[ATTACKER GUARD GC] Absol pos=(10, 3) action=0 move=(0, 0) ability=False
[ATTACKER GUARD GC] eKo pos=(15, 23) action=6 move=(0, -1) ability=False
[ATTACKER GUARD GC] SugarZ3ro pos=(16, 22) action=6 move=(0, -1) ability=False
[ATTACKER GUARD GC] Xdll pos=(21, 40) action=4 move=(1, 0) ability=False
[ATTACKER GUARD GC] SyouTa pos=(18, 31) action=6 move=(0, -1) ability=False
[ATTACKER GUARD GC] Absol pos=(10, 3) action=6 move=(0, -1) ability=False
[ATTACKER GUARD GC] eKo pos=(15, 22) action=2 move=(-1, 0) ability=False
[ATTACKER GUARD GC] SugarZ3ro pos=(16, 21) action=2 move=(-1, 0) ability=False
[ATTACKER GUARD GC] Xdll pos=(22, 40) action=6 move=(0, -1) ability=False
[ATTACKER GUARD GC] SyouTa pos=(18, 30) action=6 move=(0, -1) ability=False
[ATTACKER GUARD GC] Absol pos=(10, 2) action=0 move=(0, 0) ability=False
[ATTACKER GUARD GC] eKo pos=(14, 22) action=6 move=(0, -1) ability=False
[ATTACKER GUARD GC] SugarZ3ro pos=(15, 21) action=0 move=(0, 0) ability=False
[ATTACKER GUARD GC] Xdll pos=(22, 39) action=6 move=(0, -1) ability=False
[ATTACKER GUARD GC] SyouTa pos=(18, 29) action=6 move=(0, -1) ability=False
[ATTACKER GUARD GC] Absol pos=(10, 2) action=0 move=(0, 0) ability=False
[ATTACKER GUARD GC] eKo pos=(14, 21) action=0 move=(0, 0) ability=False
[ATTACKER GUARD GC] SugarZ3ro pos=(15, 21) action=0 move=(0, 0) ability=False
[ATTACKER GUARD GC] Xdll pos=(22, 38) action=6 move=(0, -1) ability=False
[ATTACKER GUARD GC] SyouTa pos=(18, 28) action=0 move=(0, 0) ability=False
[ATTACKER GUARD GC] Absol pos=(10, 2) action=0 move=(0, 0) ability=False
[ATTACKER GUARD GC] SugarZ3ro pos=(15, 21) action=0 move=(0, 0) ability=False
[ATTACKER GUARD GC] Xdll pos=(22, 37) action=6 move=(0, -1) ability=False
[ATTACKER GUARD GC] SyouTa pos=(18, 28) action=0 move=(0, 0) ability=False
[ATTACKER GUARD GC] Absol pos=(10, 2) action=0 move=(0, 0) ability=False
[ATTACKER GUARD GC] SugarZ3ro pos=(15, 21) action=0 move=(0, 0) ability=False
[ATTACKER GUARD GC] Xdll pos=(22, 36) action=6 move=(0, -1) ability=False
[ATTACKER GUARD GC] SyouTa pos=(18, 28) action=2 move=(-1, 0) ability=False
[ATTACKER GUARD GC] Absol pos=(10, 2) action=0 move=(0, 0) ability=False
[ATTACKER GUARD GC] Xdll pos=(22, 35) action=6 move=(0, -1) ability=False
[ATTACKER GUARD GC] SyouTa pos=(17, 28) action=0 move=(0, 0) ability=False
[ATTACKER GUARD GC] Absol pos=(10, 2) action=0 move=(0, 0) ability=False
[ATTACKER GUARD GC] Xdll pos=(22, 34) action=6 move=(0, -1) ability=False
[ATTACKER GUARD GC] SyouTa pos=(17, 28) action=0 move=(0, 0) ability=False
[ATTACKER GUARD GC] Absol pos=(10, 2) action=0 move=(0, 0) ability=False
[ATTACKER GUARD GC] Xdll pos=(22, 33) action=6 move=(0, -1) ability=False
[ATTACKER GUARD GC] SyouTa pos=(17, 28) action=0 move=(0, 0) ability=False
[ATTACKER GUARD GC] Absol pos=(10, 2) action=0 move=(0, 0) ability=False
[ATTACKER GUARD GC] Xdll pos=(22, 32) action=6 move=(0, -1) ability=False
[ATTACKER GUARD GC] SyouTa pos=(17, 28) action=0 move=(0, 0) ability=False
[ATTACKER GUARD GC] Absol pos=(10, 2) action=0 move=(0, 0) ability=False
[ATTACKER GUARD GC] Xdll pos=(22, 31) action=6 move=(0, -1) ability=False
[ATTACKER GUARD GC] SyouTa pos=(17, 28) action=2 move=(-1, 0) ability=False
[ATTACKER GUARD GC] Absol pos=(10, 2) action=0 move=(0, 0) ability=False
[ATTACKER GUARD GC] Xdll pos=(22, 30) action=6 move=(0, -1) ability=False
[ATTACKER GUARD GC] SyouTa pos=(16, 28) action=6 move=(0, -1) ability=False
[ATTACKER GUARD GC] Absol pos=(10, 2) action=0 move=(0, 0) ability=False
[ATTACKER GUARD GC] Xdll pos=(22, 29) action=6 move=(0, -1) ability=False
[ATTACKER GUARD GC] SyouTa pos=(16, 27) action=6 move=(0, -1) ability=False
[ATTACKER GUARD GC] Absol pos=(10, 2) action=0 move=(0, 0) ability=False
[ATTACKER GUARD GC] Xdll pos=(22, 28) action=6 move=(0, -1) ability=False
[ATTACKER GUARD GC] SyouTa pos=(16, 26) action=0 move=(0, 0) ability=False
[ATTACKER GUARD GC] Absol pos=(10, 2) action=0 move=(0, 0) ability=False
[ATTACKER GUARD GC] Xdll pos=(22, 27) action=0 move=(0, 0) ability=False
[ATTACKER GUARD GC] Absol pos=(10, 2) action=0 move=(0, 0) ability=False
[ATTACKER GUARD GC] Xdll pos=(22, 27) action=0 move=(0, 0) ability=False
[ATTACKER GUARD GC] Absol pos=(10, 2) action=0 move=(0, 0) ability=False
[ATTACKER GUARD GC] Xdll pos=(22, 27) action=0 move=(0, 0) ability=False
[ATTACKER GUARD GC] Absol pos=(10, 2) action=0 move=(0, 0) ability=False
[ATTACKER GUARD GC] Xdll pos=(22, 27) action=0 move=(0, 0) ability=False
[ATTACKER GUARD GC] Absol pos=(10, 2) action=0 move=(0, 0) ability=False
[ATTACKER GUARD GC] Xdll pos=(22, 27) action=0 move=(0, 0) ability=False
[ATTACKER GUARD GC] Absol pos=(10, 2) action=0 move=(0, 0) ability=False
[ATTACKER GUARD GC] Xdll pos=(22, 27) action=6 move=(0, -1) ability=False
[ATTACKER GUARD GC] Absol pos=(10, 2) action=0 move=(0, 0) ability=False
[ATTACKER GUARD GC] Xdll pos=(22, 26) action=6 move=(0, -1) ability=False
[ATTACKER GUARD GC] Absol pos=(10, 2) action=0 move=(0, 0) ability=False
[ATTACKER GUARD GC] Xdll pos=(22, 25) action=6 move=(0, -1) ability=False
[ATTACKER GUARD GC] Absol pos=(10, 2) action=0 move=(0, 0) ability=False
[ATTACKER GUARD GC] Xdll pos=(22, 24) action=6 move=(0, -1) ability=False
[ATTACKER GUARD GC] Absol pos=(10, 2) action=0 move=(0, 0) ability=False
[ATTACKER GUARD GC] Xdll pos=(22, 23) action=6 move=(0, -1) ability=False
[ATTACKER GUARD GC] Absol pos=(10, 2) action=0 move=(0, 0) ability=False
[ATTACKER GUARD GC] Xdll pos=(22, 22) action=2 move=(-1, 0) ability=False
[ATTACKER GUARD GC] Absol pos=(10, 2) action=0 move=(0, 0) ability=False
[ATTACKER GUARD GC] Xdll pos=(21, 22) action=6 move=(0, -1) ability=False
[ATTACKER GUARD GC] Absol pos=(10, 2) action=0 move=(0, 0) ability=False
[ATTACKER GUARD GC] Xdll pos=(21, 21) action=6 move=(0, -1) ability=False
[ATTACKER GUARD GC] Absol pos=(10, 2) action=0 move=(0, 0) ability=False
[ATTACKER GUARD GC] Xdll pos=(21, 20) action=6 move=(0, -1) ability=False
[ATTACKER GUARD GC] Absol pos=(10, 2) action=0 move=(0, 0) ability=False
[ATTACKER GUARD GC] Xdll pos=(21, 19) action=6 move=(0, -1) ability=False
[ATTACKER GUARD GC] Absol pos=(10, 2) action=0 move=(0, 0) ability=False
[ATTACKER GUARD GC] Xdll pos=(21, 18) action=0 move=(0, 0) ability=False
[ATTACKER GUARD GC] Absol pos=(10, 2) action=0 move=(0, 0) ability=False
[ATTACKER GUARD GC] Xdll pos=(21, 18) action=0 move=(0, 0) ability=False
[ATTACKER GUARD GC] Absol pos=(10, 2) action=0 move=(0, 0) ability=False
[ATTACKER GUARD GC] Xdll pos=(21, 18) action=0 move=(0, 0) ability=False
[ATTACKER GUARD GC] Xdll pos=(21, 18) action=0 move=(0, 0) ability=False
[ATTACKER GUARD GC] Xdll pos=(21, 18) action=0 move=(0, 0) ability=False
[ATTACKER GUARD GC] Xdll pos=(21, 18) action=0 move=(0, 0) ability=False
[ATTACKER GUARD GC] Xdll pos=(21, 18) action=0 move=(0, 0) ability=False
[ATTACKER GUARD GC] Xdll pos=(21, 18) action=0 move=(0, 0) ability=False
[ATTACKER GUARD GC] Xdll pos=(21, 18) action=4 move=(1, 0) ability=False
[ATTACKER GUARD GC] Xdll pos=(22, 18) action=2 move=(-1, 0) ability=False
[ATTACKER GUARD GC] Xdll pos=(21, 18) action=4 move=(1, 0) ability=False
[GC Macro] tick=69 B_SPLIT -> B_RUSH
[GC GUARD] planted=(10, 40) pattern=8 assignments={'Absol': (10, 38), 'SugarZ3ro': (10, 42), 'SyouTa': (6, 42), 'Xdll': (8, 42), 'eKo': (13, 40)}
[ATTACKER GUARD GC] Xdll pos=(8, 42) action=0 move=(0, 0) ability=False
[ATTACKER GUARD GC] SyouTa pos=(4, 40) action=8 move=(0, 1) ability=False
[ATTACKER GUARD GC] eKo pos=(12, 40) action=4 move=(1, 0) ability=False
[ATTACKER GUARD GC] SugarZ3ro pos=(10, 39) action=0 move=(0, 0) ability=False
[ATTACKER GUARD GC] Xdll pos=(8, 42) action=0 move=(0, 0) ability=False
[ATTACKER GUARD GC] SyouTa pos=(4, 41) action=8 move=(0, 1) ability=False
[ATTACKER GUARD GC] Absol pos=(10, 40) action=0 move=(0, 0) ability=False
[ATTACKER GUARD GC] eKo pos=(13, 40) action=2 move=(-1, 0) ability=False
[ATTACKER GUARD GC] SugarZ3ro pos=(10, 39) action=0 move=(0, 0) ability=False
[ATTACKER GUARD GC] Xdll pos=(8, 42) action=0 move=(0, 0) ability=False
[ATTACKER GUARD GC] SyouTa pos=(4, 42) action=4 move=(1, 0) ability=False
[ATTACKER GUARD GC] Absol pos=(10, 40) action=0 move=(0, 0) ability=False
[ATTACKER GUARD GC] eKo pos=(12, 40) action=4 move=(1, 0) ability=False
[ATTACKER GUARD GC] SugarZ3ro pos=(10, 39) action=0 move=(0, 0) ability=False
[ATTACKER GUARD GC] Xdll pos=(8, 42) action=0 move=(0, 0) ability=False
[ATTACKER GUARD GC] SyouTa pos=(5, 42) action=4 move=(1, 0) ability=False
[ATTACKER GUARD GC] Absol pos=(10, 40) action=0 move=(0, 0) ability=False
[ATTACKER GUARD GC] eKo pos=(13, 40) action=2 move=(-1, 0) ability=False
[ATTACKER GUARD GC] SugarZ3ro pos=(10, 39) action=0 move=(0, 0) ability=False
[ATTACKER GUARD GC] Xdll pos=(8, 42) action=0 move=(0, 0) ability=False
[ATTACKER GUARD GC] SyouTa pos=(6, 42) action=0 move=(0, 0) ability=False
[ATTACKER GUARD GC] Absol pos=(10, 40) action=0 move=(0, 0) ability=False
[ATTACKER GUARD GC] eKo pos=(12, 40) action=4 move=(1, 0) ability=False
[ATTACKER GUARD GC] SugarZ3ro pos=(10, 39) action=0 move=(0, 0) ability=False
[ATTACKER GUARD GC] Xdll pos=(8, 42) action=0 move=(0, 0) ability=False
[ATTACKER GUARD GC] SyouTa pos=(6, 42) action=0 move=(0, 0) ability=False
[ATTACKER GUARD GC] Absol pos=(10, 40) action=0 move=(0, 0) ability=False
[ATTACKER GUARD GC] eKo pos=(13, 40) action=2 move=(-1, 0) ability=False
[ATTACKER GUARD GC] SugarZ3ro pos=(10, 39) action=0 move=(0, 0) ability=False
[ATTACKER GUARD GC] Xdll pos=(8, 42) action=0 move=(0, 0) ability=False
[ATTACKER GUARD GC] SyouTa pos=(6, 42) action=0 move=(0, 0) ability=False
[ATTACKER GUARD GC] Absol pos=(10, 40) action=0 move=(0, 0) ability=False
[ATTACKER GUARD GC] eKo pos=(12, 40) action=4 move=(1, 0) ability=False
[ATTACKER GUARD GC] SugarZ3ro pos=(10, 39) action=0 move=(0, 0) ability=False
[ATTACKER GUARD GC] Xdll pos=(8, 42) action=0 move=(0, 0) ability=False
[ATTACKER GUARD GC] SyouTa pos=(6, 42) action=0 move=(0, 0) ability=False
[ATTACKER GUARD GC] Absol pos=(10, 40) action=0 move=(0, 0) ability=False
[ATTACKER GUARD GC] eKo pos=(13, 40) action=0 move=(0, 0) ability=False
[ATTACKER GUARD GC] SugarZ3ro pos=(10, 39) action=0 move=(0, 0) ability=False
[ATTACKER GUARD GC] Xdll pos=(8, 42) action=0 move=(0, 0) ability=False
[ATTACKER GUARD GC] SyouTa pos=(6, 42) action=0 move=(0, 0) ability=False
[ATTACKER GUARD GC] Absol pos=(10, 40) action=0 move=(0, 0) ability=False
[ATTACKER GUARD GC] eKo pos=(13, 40) action=0 move=(0, 0) ability=False
[ATTACKER GUARD GC] SugarZ3ro pos=(10, 39) action=0 move=(0, 0) ability=False
[ATTACKER GUARD GC] Xdll pos=(8, 42) action=0 move=(0, 0) ability=False
[ATTACKER GUARD GC] SyouTa pos=(6, 42) action=0 move=(0, 0) ability=False
[ATTACKER GUARD GC] Absol pos=(10, 40) action=0 move=(0, 0) ability=False
[ATTACKER GUARD GC] eKo pos=(13, 40) action=0 move=(0, 0) ability=False
[ATTACKER GUARD GC] SugarZ3ro pos=(10, 39) action=0 move=(0, 0) ability=False
[ATTACKER GUARD GC] Xdll pos=(8, 42) action=0 move=(0, 0) ability=False
[ATTACKER GUARD GC] SyouTa pos=(6, 42) action=0 move=(0, 0) ability=False
[ATTACKER GUARD GC] Absol pos=(10, 40) action=0 move=(0, 0) ability=False
[ATTACKER GUARD GC] eKo pos=(13, 40) action=3 move=(-1, 0) ability=True
[ATTACKER GUARD GC] SugarZ3ro pos=(10, 39) action=0 move=(0, 0) ability=False
[ATTACKER GUARD GC] Xdll pos=(8, 42) action=0 move=(0, 0) ability=False
[ATTACKER GUARD GC] SyouTa pos=(6, 42) action=0 move=(0, 0) ability=False
[ATTACKER GUARD GC] Absol pos=(10, 40) action=0 move=(0, 0) ability=False
[ATTACKER GUARD GC] eKo pos=(13, 40) action=3 move=(-1, 0) ability=True
[ATTACKER GUARD GC] SugarZ3ro pos=(10, 39) action=0 move=(0, 0) ability=False
[ATTACKER GUARD GC] Xdll pos=(8, 42) action=0 move=(0, 0) ability=False
[ATTACKER GUARD GC] SyouTa pos=(6, 42) action=0 move=(0, 0) ability=False
[ATTACKER GUARD GC] Absol pos=(10, 40) action=0 move=(0, 0) ability=False
[ATTACKER GUARD GC] eKo pos=(13, 40) action=0 move=(0, 0) ability=False
[ATTACKER GUARD GC] SugarZ3ro pos=(10, 39) action=0 move=(0, 0) ability=False
[ATTACKER GUARD GC] Xdll pos=(8, 42) action=0 move=(0, 0) ability=False
[ATTACKER GUARD GC] SyouTa pos=(6, 42) action=0 move=(0, 0) ability=False
[ATTACKER GUARD GC] Absol pos=(10, 40) action=0 move=(0, 0) ability=False
[ATTACKER GUARD GC] eKo pos=(13, 40) action=0 move=(0, 0) ability=False
[ATTACKER GUARD GC] SugarZ3ro pos=(10, 39) action=0 move=(0, 0) ability=False
[ATTACKER GUARD GC] Xdll pos=(8, 42) action=0 move=(0, 0) ability=False
[ATTACKER GUARD GC] SyouTa pos=(6, 42) action=0 move=(0, 0) ability=False
[ATTACKER GUARD GC] Absol pos=(10, 40) action=0 move=(0, 0) ability=False
[ATTACKER GUARD GC] eKo pos=(13, 40) action=0 move=(0, 0) ability=False
[ATTACKER GUARD GC] SugarZ3ro pos=(10, 39) action=0 move=(0, 0) ability=False
[ATTACKER GUARD GC] Xdll pos=(8, 42) action=0 move=(0, 0) ability=False
[ATTACKER GUARD GC] SyouTa pos=(6, 42) action=0 move=(0, 0) ability=False
[ATTACKER GUARD GC] Absol pos=(10, 40) action=0 move=(0, 0) ability=False
[ATTACKER GUARD GC] eKo pos=(13, 40) action=0 move=(0, 0) ability=False
[ATTACKER GUARD GC] SugarZ3ro pos=(10, 39) action=0 move=(0, 0) ability=False
[ATTACKER GUARD GC] Xdll pos=(8, 42) action=0 move=(0, 0) ability=False
[ATTACKER GUARD GC] SyouTa pos=(6, 42) action=0 move=(0, 0) ability=False
[ATTACKER GUARD GC] Absol pos=(10, 40) action=0 move=(0, 0) ability=False
[ATTACKER GUARD GC] eKo pos=(13, 40) action=0 move=(0, 0) ability=False
[ATTACKER GUARD GC] SugarZ3ro pos=(10, 39) action=0 move=(0, 0) ability=False
[ATTACKER GUARD GC] Xdll pos=(8, 42) action=0 move=(0, 0) ability=False
[ATTACKER GUARD GC] SyouTa pos=(6, 42) action=0 move=(0, 0) ability=False
[ATTACKER GUARD GC] Absol pos=(10, 40) action=9 move=(0, 1) ability=True
[ATTACKER GUARD GC] eKo pos=(13, 40) action=0 move=(0, 0) ability=False
[ATTACKER GUARD GC] SugarZ3ro pos=(10, 39) action=0 move=(0, 0) ability=False
[ATTACKER GUARD GC] Xdll pos=(8, 42) action=0 move=(0, 0) ability=False
[ATTACKER GUARD GC] SyouTa pos=(6, 42) action=0 move=(0, 0) ability=False
[ATTACKER GUARD GC] Absol pos=(10, 40) action=9 move=(0, 1) ability=True
[ATTACKER GUARD GC] eKo pos=(13, 40) action=0 move=(0, 0) ability=False
[ATTACKER GUARD GC] SugarZ3ro pos=(10, 39) action=0 move=(0, 0) ability=False
[ATTACKER GUARD GC] Xdll pos=(8, 42) action=0 move=(0, 0) ability=False
[ATTACKER GUARD GC] SyouTa pos=(6, 42) action=0 move=(0, 0) ability=False
[ATTACKER GUARD GC] Absol pos=(10, 40) action=9 move=(0, 1) ability=True
[ATTACKER GUARD GC] eKo pos=(13, 40) action=0 move=(0, 0) ability=False
[ATTACKER GUARD GC] SugarZ3ro pos=(10, 39) action=0 move=(0, 0) ability=False
[ATTACKER GUARD GC] Xdll pos=(8, 42) action=0 move=(0, 0) ability=False
[ATTACKER GUARD GC] SyouTa pos=(6, 42) action=0 move=(0, 0) ability=False
[ATTACKER GUARD GC] Absol pos=(10, 40) action=9 move=(0, 1) ability=True
[ATTACKER GUARD GC] eKo pos=(13, 40) action=0 move=(0, 0) ability=False
[ATTACKER GUARD GC] SugarZ3ro pos=(10, 39) action=0 move=(0, 0) ability=False
[ATTACKER GUARD GC] Xdll pos=(8, 42) action=0 move=(0, 0) ability=False
[ATTACKER GUARD GC] SyouTa pos=(6, 42) action=0 move=(0, 0) ability=False
[ATTACKER GUARD GC] Absol pos=(10, 40) action=9 move=(0, 1) ability=True
[ATTACKER GUARD GC] eKo pos=(13, 40) action=0 move=(0, 0) ability=False
[ATTACKER GUARD GC] SugarZ3ro pos=(10, 39) action=0 move=(0, 0) ability=False
[ATTACKER GUARD GC] Xdll pos=(8, 42) action=0 move=(0, 0) ability=False
[ATTACKER GUARD GC] SyouTa pos=(6, 42) action=0 move=(0, 0) ability=False
[ATTACKER GUARD GC] Absol pos=(10, 40) action=9 move=(0, 1) ability=True
[ATTACKER GUARD GC] eKo pos=(13, 40) action=0 move=(0, 0) ability=False
[ATTACKER GUARD GC] SugarZ3ro pos=(10, 39) action=0 move=(0, 0) ability=False
[ATTACKER GUARD GC] Xdll pos=(8, 42) action=3 move=(-1, 0) ability=True
[ATTACKER GUARD GC] SyouTa pos=(6, 42) action=0 move=(0, 0) ability=False
[ATTACKER GUARD GC] Absol pos=(10, 40) action=9 move=(0, 1) ability=True
[ATTACKER GUARD GC] eKo pos=(13, 40) action=0 move=(0, 0) ability=False
[ATTACKER GUARD GC] SugarZ3ro pos=(10, 39) action=0 move=(0, 0) ability=False
[ATTACKER GUARD GC] Xdll pos=(8, 42) action=3 move=(-1, 0) ability=True
[ATTACKER GUARD GC] SyouTa pos=(6, 42) action=0 move=(0, 0) ability=False
[ATTACKER GUARD GC] Absol pos=(10, 40) action=9 move=(0, 1) ability=True
[ATTACKER GUARD GC] eKo pos=(13, 40) action=0 move=(0, 0) ability=False
[ATTACKER GUARD GC] SugarZ3ro pos=(10, 39) action=0 move=(0, 0) ability=False
[ATTACKER GUARD GC] Xdll pos=(8, 42) action=3 move=(-1, 0) ability=True
[ATTACKER GUARD GC] SyouTa pos=(6, 42) action=0 move=(0, 0) ability=False
[ATTACKER GUARD GC] Absol pos=(10, 40) action=9 move=(0, 1) ability=True
[ATTACKER GUARD GC] eKo pos=(13, 40) action=0 move=(0, 0) ability=False
[ATTACKER GUARD GC] SugarZ3ro pos=(10, 39) action=0 move=(0, 0) ability=False
[ATTACKER GUARD GC] Xdll pos=(8, 42) action=3 move=(-1, 0) ability=True
[ATTACKER GUARD GC] SyouTa pos=(6, 42) action=0 move=(0, 0) ability=False
[ATTACKER GUARD GC] Absol pos=(10, 40) action=9 move=(0, 1) ability=True
[ATTACKER GUARD GC] eKo pos=(13, 40) action=0 move=(0, 0) ability=False
[ATTACKER GUARD GC] SugarZ3ro pos=(10, 39) action=0 move=(0, 0) ability=False
[ATTACKER GUARD GC] Xdll pos=(8, 42) action=3 move=(-1, 0) ability=True
[ATTACKER GUARD GC] SyouTa pos=(6, 42) action=0 move=(0, 0) ability=False
[ATTACKER GUARD GC] Absol pos=(10, 40) action=9 move=(0, 1) ability=True
[ATTACKER GUARD GC] eKo pos=(13, 40) action=0 move=(0, 0) ability=False
[ATTACKER GUARD GC] SugarZ3ro pos=(10, 39) action=0 move=(0, 0) ability=False
[ATTACKER GUARD GC] Xdll pos=(8, 42) action=0 move=(0, 0) ability=False
[ATTACKER GUARD GC] SyouTa pos=(6, 42) action=0 move=(0, 0) ability=False
[ATTACKER GUARD GC] Absol pos=(10, 40) action=9 move=(0, 1) ability=True
[ATTACKER GUARD GC] eKo pos=(13, 40) action=0 move=(0, 0) ability=False
[ATTACKER GUARD GC] SugarZ3ro pos=(10, 39) action=0 move=(0, 0) ability=False
[ATTACKER GUARD GC] Xdll pos=(8, 42) action=0 move=(0, 0) ability=False
[ATTACKER GUARD GC] SyouTa pos=(6, 42) action=0 move=(0, 0) ability=False
[ATTACKER GUARD GC] Absol pos=(10, 40) action=9 move=(0, 1) ability=True
[ATTACKER GUARD GC] eKo pos=(13, 40) action=0 move=(0, 0) ability=False
[ATTACKER GUARD GC] SugarZ3ro pos=(10, 39) action=0 move=(0, 0) ability=False
[ATTACKER GUARD GC] Xdll pos=(8, 42) action=0 move=(0, 0) ability=False
[ATTACKER GUARD GC] SyouTa pos=(6, 42) action=0 move=(0, 0) ability=False
[ATTACKER GUARD GC] Absol pos=(10, 40) action=9 move=(0, 1) ability=True
[ATTACKER GUARD GC] eKo pos=(13, 40) action=0 move=(0, 0) ability=False
[ATTACKER GUARD GC] SugarZ3ro pos=(10, 39) action=0 move=(0, 0) ability=False
[ATTACKER GUARD GC] Xdll pos=(8, 42) action=0 move=(0, 0) ability=False
[ATTACKER GUARD GC] SyouTa pos=(6, 42) action=0 move=(0, 0) ability=False
[ATTACKER GUARD GC] Absol pos=(10, 40) action=0 move=(0, 0) ability=False
[ATTACKER GUARD GC] eKo pos=(13, 40) action=0 move=(0, 0) ability=False
[ATTACKER GUARD GC] SugarZ3ro pos=(10, 39) action=0 move=(0, 0) ability=False
[ATTACKER GUARD GC] Xdll pos=(8, 42) action=0 move=(0, 0) ability=False
[ATTACKER GUARD GC] SyouTa pos=(6, 42) action=0 move=(0, 0) ability=False
[ATTACKER GUARD GC] Absol pos=(10, 40) action=0 move=(0, 0) ability=False
[ATTACKER GUARD GC] eKo pos=(13, 40) action=0 move=(0, 0) ability=False
[ATTACKER GUARD GC] SugarZ3ro pos=(10, 39) action=0 move=(0, 0) ability=False
[ATTACKER GUARD GC] Xdll pos=(8, 42) action=0 move=(0, 0) ability=False
[ATTACKER GUARD GC] SyouTa pos=(6, 42) action=0 move=(0, 0) ability=False
[ATTACKER GUARD GC] Absol pos=(10, 40) action=0 move=(0, 0) ability=False
[ATTACKER GUARD GC] eKo pos=(13, 40) action=0 move=(0, 0) ability=False
[ATTACKER GUARD GC] SugarZ3ro pos=(10, 39) action=0 move=(0, 0) ability=False
[ATTACKER GUARD GC] Xdll pos=(8, 42) action=0 move=(0, 0) ability=False
[ATTACKER GUARD GC] SyouTa pos=(6, 42) action=0 move=(0, 0) ability=False
[ATTACKER GUARD GC] Absol pos=(10, 40) action=0 move=(0, 0) ability=False
[ATTACKER GUARD GC] eKo pos=(13, 40) action=0 move=(0, 0) ability=False
[ATTACKER GUARD GC] SugarZ3ro pos=(10, 39) action=0 move=(0, 0) ability=False
[ATTACKER GUARD GC] Xdll pos=(8, 42) action=0 move=(0, 0) ability=False
[ATTACKER GUARD GC] SyouTa pos=(6, 42) action=0 move=(0, 0) ability=False
[ATTACKER GUARD GC] Absol pos=(10, 40) action=0 move=(0, 0) ability=False
[ATTACKER GUARD GC] eKo pos=(13, 40) action=0 move=(0, 0) ability=False
[ATTACKER GUARD GC] SugarZ3ro pos=(10, 39) action=0 move=(0, 0) ability=False
[ATTACKER GUARD GC] Xdll pos=(8, 42) action=0 move=(0, 0) ability=False
[ATTACKER GUARD GC] SyouTa pos=(6, 42) action=0 move=(0, 0) ability=False
[ATTACKER GUARD GC] Absol pos=(10, 40) action=0 move=(0, 0) ability=False
[ATTACKER GUARD GC] eKo pos=(13, 40) action=0 move=(0, 0) ability=False
[ATTACKER GUARD GC] SugarZ3ro pos=(10, 39) action=0 move=(0, 0) ability=False
[ATTACKER GUARD GC] Xdll pos=(8, 42) action=0 move=(0, 0) ability=False
[ATTACKER GUARD GC] SyouTa pos=(6, 42) action=0 move=(0, 0) ability=False
[ATTACKER GUARD GC] Absol pos=(10, 40) action=0 move=(0, 0) ability=False
[ATTACKER GUARD GC] eKo pos=(13, 40) action=0 move=(0, 0) ability=False
[ATTACKER GUARD GC] SugarZ3ro pos=(10, 39) action=0 move=(0, 0) ability=False
[ATTACKER GUARD GC] Xdll pos=(8, 42) action=0 move=(0, 0) ability=False
[ATTACKER GUARD GC] SyouTa pos=(6, 42) action=0 move=(0, 0) ability=False
[ATTACKER GUARD GC] Absol pos=(10, 40) action=0 move=(0, 0) ability=False
[ATTACKER GUARD GC] eKo pos=(13, 40) action=0 move=(0, 0) ability=False
[ATTACKER GUARD GC] SugarZ3ro pos=(10, 39) action=0 move=(0, 0) ability=False
[ATTACKER GUARD GC] Xdll pos=(8, 42) action=0 move=(0, 0) ability=False
[ATTACKER GUARD GC] SyouTa pos=(6, 42) action=0 move=(0, 0) ability=False
[ATTACKER GUARD GC] Absol pos=(10, 40) action=0 move=(0, 0) ability=False
[ATTACKER GUARD GC] eKo pos=(13, 40) action=0 move=(0, 0) ability=False
[ATTACKER GUARD GC] SugarZ3ro pos=(10, 39) action=0 move=(0, 0) ability=False
[ATTACKER GUARD GC] Xdll pos=(8, 42) action=0 move=(0, 0) ability=False
[ATTACKER GUARD GC] SyouTa pos=(6, 42) action=0 move=(0, 0) ability=False
[ATTACKER GUARD GC] Absol pos=(10, 40) action=0 move=(0, 0) ability=False
[ATTACKER GUARD GC] eKo pos=(13, 40) action=0 move=(0, 0) ability=False
[ATTACKER GUARD GC] SugarZ3ro pos=(10, 39) action=0 move=(0, 0) ability=False
[GC Macro] tick=42 B_SPLIT -> A_RUSH
[GC GUARD] planted=(9, 3) pattern=5 assignments={'Absol': (10, 2), 'SugarZ3ro': (15, 3), 'SyouTa': (10, 6), 'Xdll': (4, 6), 'eKo': (6, 6)}
[ATTACKER GUARD GC] Xdll pos=(16, 23) action=6 move=(0, -1) ability=False
[ATTACKER GUARD GC] SyouTa pos=(15, 25) action=6 move=(0, -1) ability=False
[ATTACKER GUARD GC] eKo pos=(18, 40) action=4 move=(1, 0) ability=False
[ATTACKER GUARD GC] SugarZ3ro pos=(22, 40) action=6 move=(0, -1) ability=False
[ATTACKER GUARD GC] Xdll pos=(16, 22) action=6 move=(0, -1) ability=False
[ATTACKER GUARD GC] SyouTa pos=(15, 24) action=6 move=(0, -1) ability=False
[ATTACKER GUARD GC] Absol pos=(9, 3) action=4 move=(1, 0) ability=False
[ATTACKER GUARD GC] eKo pos=(19, 40) action=4 move=(1, 0) ability=False
[ATTACKER GUARD GC] SugarZ3ro pos=(22, 39) action=6 move=(0, -1) ability=False
[ATTACKER GUARD GC] Xdll pos=(16, 21) action=2 move=(-1, 0) ability=False
[ATTACKER GUARD GC] SyouTa pos=(15, 23) action=6 move=(0, -1) ability=False
[ATTACKER GUARD GC] Absol pos=(10, 3) action=6 move=(0, -1) ability=False
[ATTACKER GUARD GC] eKo pos=(20, 40) action=4 move=(1, 0) ability=False
[ATTACKER GUARD GC] SugarZ3ro pos=(22, 38) action=6 move=(0, -1) ability=False
[ATTACKER GUARD GC] Xdll pos=(15, 21) action=0 move=(0, 0) ability=False
[ATTACKER GUARD GC] SyouTa pos=(15, 22) action=0 move=(0, 0) ability=False
[ATTACKER GUARD GC] Absol pos=(10, 2) action=0 move=(0, 0) ability=False
[ATTACKER GUARD GC] eKo pos=(21, 40) action=4 move=(1, 0) ability=False
[ATTACKER GUARD GC] SugarZ3ro pos=(22, 37) action=6 move=(0, -1) ability=False
[ATTACKER GUARD GC] Xdll pos=(15, 21) action=2 move=(-1, 0) ability=False
[ATTACKER GUARD GC] SyouTa pos=(15, 22) action=2 move=(-1, 0) ability=False
[ATTACKER GUARD GC] Absol pos=(10, 2) action=0 move=(0, 0) ability=False
[ATTACKER GUARD GC] eKo pos=(22, 40) action=6 move=(0, -1) ability=False
[ATTACKER GUARD GC] SugarZ3ro pos=(22, 36) action=6 move=(0, -1) ability=False
[ATTACKER GUARD GC] Xdll pos=(14, 21) action=6 move=(0, -1) ability=False
[ATTACKER GUARD GC] SyouTa pos=(14, 22) action=6 move=(0, -1) ability=False
[ATTACKER GUARD GC] Absol pos=(10, 2) action=0 move=(0, 0) ability=False
[ATTACKER GUARD GC] eKo pos=(22, 39) action=6 move=(0, -1) ability=False
[ATTACKER GUARD GC] SugarZ3ro pos=(22, 35) action=6 move=(0, -1) ability=False
[ATTACKER GUARD GC] Xdll pos=(14, 20) action=6 move=(0, -1) ability=False
[ATTACKER GUARD GC] SyouTa pos=(14, 21) action=6 move=(0, -1) ability=False
[ATTACKER GUARD GC] Absol pos=(10, 2) action=0 move=(0, 0) ability=False
[ATTACKER GUARD GC] eKo pos=(22, 38) action=6 move=(0, -1) ability=False
[ATTACKER GUARD GC] SugarZ3ro pos=(22, 34) action=6 move=(0, -1) ability=False
[ATTACKER GUARD GC] Xdll pos=(14, 19) action=6 move=(0, -1) ability=False
[ATTACKER GUARD GC] SyouTa pos=(14, 20) action=6 move=(0, -1) ability=False
[ATTACKER GUARD GC] Absol pos=(10, 2) action=0 move=(0, 0) ability=False
[ATTACKER GUARD GC] eKo pos=(22, 37) action=6 move=(0, -1) ability=False
[ATTACKER GUARD GC] SugarZ3ro pos=(22, 33) action=6 move=(0, -1) ability=False
[ATTACKER GUARD GC] Xdll pos=(14, 18) action=2 move=(-1, 0) ability=False
[ATTACKER GUARD GC] SyouTa pos=(14, 19) action=6 move=(0, -1) ability=False
[ATTACKER GUARD GC] Absol pos=(10, 2) action=0 move=(0, 0) ability=False
[ATTACKER GUARD GC] eKo pos=(22, 36) action=6 move=(0, -1) ability=False
[ATTACKER GUARD GC] SugarZ3ro pos=(22, 32) action=6 move=(0, -1) ability=False
[ATTACKER GUARD GC] Xdll pos=(13, 18) action=2 move=(-1, 0) ability=False
[ATTACKER GUARD GC] SyouTa pos=(14, 18) action=2 move=(-1, 0) ability=False
[ATTACKER GUARD GC] Absol pos=(10, 2) action=0 move=(0, 0) ability=False
[ATTACKER GUARD GC] eKo pos=(22, 35) action=6 move=(0, -1) ability=False
[ATTACKER GUARD GC] SugarZ3ro pos=(22, 31) action=6 move=(0, -1) ability=False
[ATTACKER GUARD GC] Xdll pos=(12, 18) action=6 move=(0, -1) ability=False
[ATTACKER GUARD GC] SyouTa pos=(13, 18) action=0 move=(0, 0) ability=False
[ATTACKER GUARD GC] Absol pos=(10, 2) action=0 move=(0, 0) ability=False
[ATTACKER GUARD GC] eKo pos=(22, 34) action=6 move=(0, -1) ability=False
[ATTACKER GUARD GC] SugarZ3ro pos=(22, 30) action=6 move=(0, -1) ability=False
[ATTACKER GUARD GC] Xdll pos=(12, 17) action=2 move=(-1, 0) ability=False
[ATTACKER GUARD GC] SyouTa pos=(13, 18) action=2 move=(-1, 0) ability=False
[ATTACKER GUARD GC] Absol pos=(10, 2) action=0 move=(0, 0) ability=False
[ATTACKER GUARD GC] eKo pos=(22, 33) action=6 move=(0, -1) ability=False
[ATTACKER GUARD GC] SugarZ3ro pos=(22, 29) action=6 move=(0, -1) ability=False
[ATTACKER GUARD GC] Xdll pos=(11, 17) action=0 move=(0, 0) ability=False
[ATTACKER GUARD GC] SyouTa pos=(12, 18) action=6 move=(0, -1) ability=False
[ATTACKER GUARD GC] Absol pos=(10, 2) action=0 move=(0, 0) ability=False
[ATTACKER GUARD GC] eKo pos=(22, 32) action=6 move=(0, -1) ability=False
[ATTACKER GUARD GC] SugarZ3ro pos=(22, 28) action=6 move=(0, -1) ability=False
[ATTACKER GUARD GC] Xdll pos=(11, 17) action=2 move=(-1, 0) ability=False
[ATTACKER GUARD GC] SyouTa pos=(12, 17) action=2 move=(-1, 0) ability=False
[ATTACKER GUARD GC] Absol pos=(10, 2) action=0 move=(0, 0) ability=False
[ATTACKER GUARD GC] eKo pos=(22, 31) action=6 move=(0, -1) ability=False
[ATTACKER GUARD GC] SugarZ3ro pos=(22, 27) action=6 move=(0, -1) ability=False
[ATTACKER GUARD GC] Xdll pos=(10, 17) action=0 move=(0, 0) ability=False
[ATTACKER GUARD GC] SyouTa pos=(11, 17) action=0 move=(0, 0) ability=False
[ATTACKER GUARD GC] Absol pos=(10, 2) action=0 move=(0, 0) ability=False
[ATTACKER GUARD GC] eKo pos=(22, 30) action=6 move=(0, -1) ability=False
[ATTACKER GUARD GC] SugarZ3ro pos=(22, 26) action=6 move=(0, -1) ability=False
[ATTACKER GUARD GC] Xdll pos=(10, 17) action=2 move=(-1, 0) ability=False
[ATTACKER GUARD GC] SyouTa pos=(11, 17) action=2 move=(-1, 0) ability=False
[ATTACKER GUARD GC] Absol pos=(10, 2) action=0 move=(0, 0) ability=False
[ATTACKER GUARD GC] eKo pos=(22, 29) action=6 move=(0, -1) ability=False
[ATTACKER GUARD GC] SugarZ3ro pos=(22, 25) action=6 move=(0, -1) ability=False
[ATTACKER GUARD GC] Xdll pos=(9, 17) action=0 move=(0, 0) ability=False
[ATTACKER GUARD GC] SyouTa pos=(10, 17) action=0 move=(0, 0) ability=False
[ATTACKER GUARD GC] Absol pos=(10, 2) action=0 move=(0, 0) ability=False
[ATTACKER GUARD GC] eKo pos=(22, 28) action=6 move=(0, -1) ability=False
[ATTACKER GUARD GC] SugarZ3ro pos=(22, 24) action=6 move=(0, -1) ability=False
[ATTACKER GUARD GC] Xdll pos=(9, 17) action=6 move=(0, -1) ability=False
[ATTACKER GUARD GC] SyouTa pos=(10, 17) action=2 move=(-1, 0) ability=False
[ATTACKER GUARD GC] Absol pos=(10, 2) action=0 move=(0, 0) ability=False
[ATTACKER GUARD GC] eKo pos=(22, 27) action=6 move=(0, -1) ability=False
[ATTACKER GUARD GC] SugarZ3ro pos=(22, 23) action=6 move=(0, -1) ability=False
[ATTACKER GUARD GC] Xdll pos=(9, 16) action=0 move=(0, 0) ability=False
[ATTACKER GUARD GC] SyouTa pos=(9, 17) action=0 move=(0, 0) ability=False
[ATTACKER GUARD GC] Absol pos=(10, 2) action=0 move=(0, 0) ability=False
[ATTACKER GUARD GC] eKo pos=(22, 26) action=6 move=(0, -1) ability=False
[ATTACKER GUARD GC] SugarZ3ro pos=(22, 22) action=2 move=(-1, 0) ability=False
[ATTACKER GUARD GC] Xdll pos=(9, 16) action=6 move=(0, -1) ability=False
[ATTACKER GUARD GC] SyouTa pos=(9, 17) action=6 move=(0, -1) ability=False
[ATTACKER GUARD GC] Absol pos=(10, 2) action=0 move=(0, 0) ability=False
[ATTACKER GUARD GC] eKo pos=(22, 25) action=6 move=(0, -1) ability=False
[ATTACKER GUARD GC] SugarZ3ro pos=(21, 22) action=6 move=(0, -1) ability=False
[ATTACKER GUARD GC] Xdll pos=(9, 15) action=6 move=(0, -1) ability=False
[ATTACKER GUARD GC] SyouTa pos=(9, 16) action=6 move=(0, -1) ability=False
[ATTACKER GUARD GC] Absol pos=(10, 2) action=0 move=(0, 0) ability=False
[ATTACKER GUARD GC] eKo pos=(22, 24) action=6 move=(0, -1) ability=False
[ATTACKER GUARD GC] SugarZ3ro pos=(21, 21) action=6 move=(0, -1) ability=False
[ATTACKER GUARD GC] Xdll pos=(9, 14) action=6 move=(0, -1) ability=False
[ATTACKER GUARD GC] SyouTa pos=(9, 15) action=6 move=(0, -1) ability=False
[ATTACKER GUARD GC] Absol pos=(10, 2) action=0 move=(0, 0) ability=False
[ATTACKER GUARD GC] eKo pos=(22, 23) action=6 move=(0, -1) ability=False
[ATTACKER GUARD GC] SugarZ3ro pos=(21, 20) action=6 move=(0, -1) ability=False
[ATTACKER GUARD GC] Xdll pos=(9, 13) action=2 move=(-1, 0) ability=False
[ATTACKER GUARD GC] SyouTa pos=(9, 14) action=6 move=(0, -1) ability=False
[ATTACKER GUARD GC] Absol pos=(10, 2) action=0 move=(0, 0) ability=False
[ATTACKER GUARD GC] eKo pos=(22, 22) action=6 move=(0, -1) ability=False
[ATTACKER GUARD GC] SugarZ3ro pos=(21, 19) action=6 move=(0, -1) ability=False
[ATTACKER GUARD GC] Xdll pos=(8, 13) action=6 move=(0, -1) ability=False
[ATTACKER GUARD GC] SyouTa pos=(9, 13) action=6 move=(0, -1) ability=False
[ATTACKER GUARD GC] Absol pos=(10, 2) action=0 move=(0, 0) ability=False
[ATTACKER GUARD GC] eKo pos=(22, 21) action=6 move=(0, -1) ability=False
[ATTACKER GUARD GC] SugarZ3ro pos=(21, 18) action=6 move=(0, -1) ability=False
[ATTACKER GUARD GC] Xdll pos=(8, 12) action=0 move=(0, 0) ability=False
[ATTACKER GUARD GC] SyouTa pos=(9, 12) action=0 move=(0, 0) ability=False
[ATTACKER GUARD GC] Absol pos=(10, 2) action=0 move=(0, 0) ability=False
[ATTACKER GUARD GC] eKo pos=(22, 20) action=6 move=(0, -1) ability=False
[ATTACKER GUARD GC] SugarZ3ro pos=(21, 17) action=6 move=(0, -1) ability=False
[ATTACKER GUARD GC] SyouTa pos=(9, 12) action=0 move=(0, 0) ability=False
[ATTACKER GUARD GC] Absol pos=(10, 2) action=0 move=(0, 0) ability=False
[ATTACKER GUARD GC] eKo pos=(22, 19) action=6 move=(0, -1) ability=False
[ATTACKER GUARD GC] SugarZ3ro pos=(21, 16) action=6 move=(0, -1) ability=False
[ATTACKER GUARD GC] Absol pos=(10, 2) action=0 move=(0, 0) ability=False
[ATTACKER GUARD GC] eKo pos=(22, 18) action=2 move=(-1, 0) ability=False
[ATTACKER GUARD GC] SugarZ3ro pos=(21, 15) action=6 move=(0, -1) ability=False
[ATTACKER GUARD GC] Absol pos=(10, 2) action=0 move=(0, 0) ability=False
[ATTACKER GUARD GC] eKo pos=(21, 18) action=6 move=(0, -1) ability=False
[ATTACKER GUARD GC] SugarZ3ro pos=(21, 14) action=6 move=(0, -1) ability=False
[ATTACKER GUARD GC] Absol pos=(10, 2) action=0 move=(0, 0) ability=False
[ATTACKER GUARD GC] eKo pos=(21, 17) action=6 move=(0, -1) ability=False
[ATTACKER GUARD GC] SugarZ3ro pos=(21, 13) action=6 move=(0, -1) ability=False
[ATTACKER GUARD GC] Absol pos=(10, 2) action=0 move=(0, 0) ability=False
[ATTACKER GUARD GC] eKo pos=(21, 16) action=6 move=(0, -1) ability=False
[ATTACKER GUARD GC] SugarZ3ro pos=(21, 12) action=6 move=(0, -1) ability=False
[ATTACKER GUARD GC] Absol pos=(10, 2) action=0 move=(0, 0) ability=False
[ATTACKER GUARD GC] eKo pos=(21, 15) action=6 move=(0, -1) ability=False
[ATTACKER GUARD GC] SugarZ3ro pos=(21, 11) action=6 move=(0, -1) ability=False
[ATTACKER GUARD GC] Absol pos=(10, 2) action=0 move=(0, 0) ability=False
[ATTACKER GUARD GC] eKo pos=(21, 14) action=6 move=(0, -1) ability=False
[ATTACKER GUARD GC] SugarZ3ro pos=(21, 10) action=6 move=(0, -1) ability=False
[ATTACKER GUARD GC] Absol pos=(10, 2) action=0 move=(0, 0) ability=False
[ATTACKER GUARD GC] eKo pos=(21, 13) action=6 move=(0, -1) ability=False
[ATTACKER GUARD GC] SugarZ3ro pos=(21, 9) action=2 move=(-1, 0) ability=False
[ATTACKER GUARD GC] Absol pos=(10, 2) action=0 move=(0, 0) ability=False
[ATTACKER GUARD GC] eKo pos=(21, 12) action=6 move=(0, -1) ability=False
[ATTACKER GUARD GC] SugarZ3ro pos=(20, 9) action=2 move=(-1, 0) ability=False
[ATTACKER GUARD GC] Absol pos=(10, 2) action=0 move=(0, 0) ability=False
[ATTACKER GUARD GC] eKo pos=(21, 11) action=6 move=(0, -1) ability=False
[ATTACKER GUARD GC] SugarZ3ro pos=(19, 9) action=2 move=(-1, 0) ability=False
[ATTACKER GUARD GC] Absol pos=(10, 2) action=0 move=(0, 0) ability=False
[ATTACKER GUARD GC] eKo pos=(21, 10) action=6 move=(0, -1) ability=False
[ATTACKER GUARD GC] SugarZ3ro pos=(18, 9) action=2 move=(-1, 0) ability=False
[ATTACKER GUARD GC] Absol pos=(10, 2) action=0 move=(0, 0) ability=False
[ATTACKER GUARD GC] eKo pos=(21, 9) action=2 move=(-1, 0) ability=False
[ATTACKER GUARD GC] SugarZ3ro pos=(17, 9) action=2 move=(-1, 0) ability=False
[ATTACKER GUARD GC] Absol pos=(10, 2) action=0 move=(0, 0) ability=False
[ATTACKER GUARD GC] eKo pos=(20, 9) action=2 move=(-1, 0) ability=False
[ATTACKER GUARD GC] SugarZ3ro pos=(16, 9) action=6 move=(0, -1) ability=False
[ATTACKER GUARD GC] Absol pos=(10, 2) action=0 move=(0, 0) ability=False
[ATTACKER GUARD GC] eKo pos=(19, 9) action=2 move=(-1, 0) ability=False
[ATTACKER GUARD GC] SugarZ3ro pos=(16, 8) action=6 move=(0, -1) ability=False
[ATTACKER GUARD GC] Absol pos=(10, 2) action=0 move=(0, 0) ability=False
[ATTACKER GUARD GC] eKo pos=(18, 9) action=2 move=(-1, 0) ability=False
[ATTACKER GUARD GC] SugarZ3ro pos=(16, 7) action=6 move=(0, -1) ability=False
[ATTACKER GUARD GC] Absol pos=(10, 2) action=0 move=(0, 0) ability=False
[ATTACKER GUARD GC] eKo pos=(17, 9) action=2 move=(-1, 0) ability=False
[ATTACKER GUARD GC] SugarZ3ro pos=(16, 6) action=2 move=(-1, 0) ability=False
[ATTACKER GUARD GC] Absol pos=(10, 2) action=0 move=(0, 0) ability=False
[ATTACKER GUARD GC] eKo pos=(16, 9) action=6 move=(0, -1) ability=False
[ATTACKER GUARD GC] SugarZ3ro pos=(15, 6) action=6 move=(0, -1) ability=False
[ATTACKER GUARD GC] eKo pos=(16, 8) action=6 move=(0, -1) ability=False
[ATTACKER GUARD GC] SugarZ3ro pos=(15, 5) action=0 move=(0, 0) ability=False
[ATTACKER GUARD GC] eKo pos=(16, 7) action=6 move=(0, -1) ability=False
[ATTACKER GUARD GC] SugarZ3ro pos=(15, 5) action=6 move=(0, -1) ability=False
[ATTACKER GUARD GC] eKo pos=(16, 6) action=6 move=(0, -1) ability=False
[ATTACKER GUARD GC] SugarZ3ro pos=(15, 4) action=6 move=(0, -1) ability=False
[ATTACKER GUARD GC] eKo pos=(16, 5) action=6 move=(0, -1) ability=False
[ATTACKER GUARD GC] SugarZ3ro pos=(15, 3) action=0 move=(0, 0) ability=False
[ATTACKER GUARD GC] eKo pos=(16, 4) action=2 move=(-1, 0) ability=False
[ATTACKER GUARD GC] SugarZ3ro pos=(15, 3) action=0 move=(0, 0) ability=False
[ATTACKER GUARD GC] eKo pos=(15, 4) action=0 move=(0, 0) ability=False
[ATTACKER GUARD GC] SugarZ3ro pos=(15, 3) action=0 move=(0, 0) ability=False
[ATTACKER GUARD GC] eKo pos=(15, 4) action=9 move=(0, 1) ability=True
[ATTACKER GUARD GC] SugarZ3ro pos=(15, 3) action=0 move=(0, 0) ability=False
[ATTACKER GUARD GC] eKo pos=(15, 4) action=0 move=(0, 0) ability=False
[ATTACKER GUARD GC] SugarZ3ro pos=(15, 3) action=2 move=(-1, 0) ability=False
[ATTACKER GUARD GC] eKo pos=(15, 4) action=6 move=(0, -1) ability=False
[ATTACKER GUARD GC] SugarZ3ro pos=(14, 3) action=0 move=(0, 0) ability=False
[ATTACKER GUARD GC] eKo pos=(15, 3) action=0 move=(0, 0) ability=False
[ATTACKER GUARD GC] SugarZ3ro pos=(14, 3) action=0 move=(0, 0) ability=False
[ATTACKER GUARD GC] eKo pos=(15, 3) action=0 move=(0, 0) ability=False
[ATTACKER GUARD GC] SugarZ3ro pos=(14, 3) action=0 move=(0, 0) ability=False
[ATTACKER GUARD GC] eKo pos=(15, 3) action=0 move=(0, 0) ability=False
[ATTACKER GUARD GC] SugarZ3ro pos=(14, 3) action=0 move=(0, 0) ability=False
[ATTACKER GUARD GC] eKo pos=(15, 3) action=0 move=(0, 0) ability=False
[ATTACKER GUARD GC] SugarZ3ro pos=(14, 3) action=0 move=(0, 0) ability=False
[GC Macro] tick=18 ROTATE_B_TO_A -> FAKE_A_TO_B
[GC GUARD] planted=(9, 3) pattern=5 assignments={'Absol': (10, 2), 'SugarZ3ro': (15, 3), 'SyouTa': (10, 6), 'Xdll': (6, 3), 'eKo': (6, 1)}
[ATTACKER GUARD GC] Xdll pos=(8, 4) action=2 move=(-1, 0) ability=False
[ATTACKER GUARD GC] SyouTa pos=(16, 9) action=6 move=(0, -1) ability=False
[ATTACKER GUARD GC] eKo pos=(7, 3) action=2 move=(-1, 0) ability=False
[ATTACKER GUARD GC] SugarZ3ro pos=(22, 40) action=6 move=(0, -1) ability=False
[ATTACKER GUARD GC] Xdll pos=(7, 4) action=6 move=(0, -1) ability=False
[ATTACKER GUARD GC] SyouTa pos=(16, 8) action=6 move=(0, -1) ability=False
[ATTACKER GUARD GC] Absol pos=(9, 3) action=4 move=(1, 0) ability=False
[ATTACKER GUARD GC] eKo pos=(6, 3) action=6 move=(0, -1) ability=False
[ATTACKER GUARD GC] SugarZ3ro pos=(22, 39) action=6 move=(0, -1) ability=False
[ATTACKER GUARD GC] Xdll pos=(7, 3) action=2 move=(-1, 0) ability=False
[ATTACKER GUARD GC] SyouTa pos=(16, 7) action=6 move=(0, -1) ability=False
[ATTACKER GUARD GC] Absol pos=(10, 3) action=6 move=(0, -1) ability=False
[ATTACKER GUARD GC] eKo pos=(6, 2) action=6 move=(0, -1) ability=False
[ATTACKER GUARD GC] SugarZ3ro pos=(22, 38) action=6 move=(0, -1) ability=False
[ATTACKER GUARD GC] Xdll pos=(6, 3) action=0 move=(0, 0) ability=False
[ATTACKER GUARD GC] SyouTa pos=(16, 6) action=2 move=(-1, 0) ability=False
[ATTACKER GUARD GC] Absol pos=(10, 2) action=0 move=(0, 0) ability=False
[ATTACKER GUARD GC] eKo pos=(6, 1) action=0 move=(0, 0) ability=False
[ATTACKER GUARD GC] SugarZ3ro pos=(22, 37) action=6 move=(0, -1) ability=False
[ATTACKER GUARD GC] Xdll pos=(6, 3) action=0 move=(0, 0) ability=False
[ATTACKER GUARD GC] SyouTa pos=(15, 6) action=6 move=(0, -1) ability=False
[ATTACKER GUARD GC] Absol pos=(10, 2) action=0 move=(0, 0) ability=False
[ATTACKER GUARD GC] eKo pos=(6, 1) action=0 move=(0, 0) ability=False
[ATTACKER GUARD GC] SugarZ3ro pos=(22, 36) action=6 move=(0, -1) ability=False
[ATTACKER GUARD GC] Xdll pos=(6, 3) action=0 move=(0, 0) ability=False
[ATTACKER GUARD GC] SyouTa pos=(15, 5) action=6 move=(0, -1) ability=False
[ATTACKER GUARD GC] Absol pos=(10, 2) action=0 move=(0, 0) ability=False
[ATTACKER GUARD GC] eKo pos=(6, 1) action=0 move=(0, 0) ability=False
[ATTACKER GUARD GC] SugarZ3ro pos=(22, 35) action=6 move=(0, -1) ability=False
[ATTACKER GUARD GC] Xdll pos=(6, 3) action=0 move=(0, 0) ability=False
[ATTACKER GUARD GC] SyouTa pos=(15, 4) action=6 move=(0, -1) ability=False
[ATTACKER GUARD GC] Absol pos=(10, 2) action=0 move=(0, 0) ability=False
[ATTACKER GUARD GC] eKo pos=(6, 1) action=0 move=(0, 0) ability=False
[ATTACKER GUARD GC] SugarZ3ro pos=(22, 34) action=6 move=(0, -1) ability=False
[ATTACKER GUARD GC] Xdll pos=(6, 3) action=0 move=(0, 0) ability=False
[ATTACKER GUARD GC] SyouTa pos=(15, 3) action=2 move=(-1, 0) ability=False
[ATTACKER GUARD GC] Absol pos=(10, 2) action=0 move=(0, 0) ability=False
[ATTACKER GUARD GC] eKo pos=(6, 1) action=0 move=(0, 0) ability=False
[ATTACKER GUARD GC] SugarZ3ro pos=(22, 33) action=6 move=(0, -1) ability=False
[ATTACKER GUARD GC] Xdll pos=(6, 3) action=0 move=(0, 0) ability=False
[ATTACKER GUARD GC] SyouTa pos=(14, 3) action=2 move=(-1, 0) ability=False
[ATTACKER GUARD GC] Absol pos=(10, 2) action=0 move=(0, 0) ability=False
[ATTACKER GUARD GC] eKo pos=(6, 1) action=0 move=(0, 0) ability=False
[ATTACKER GUARD GC] SugarZ3ro pos=(22, 32) action=6 move=(0, -1) ability=False
[ATTACKER GUARD GC] Xdll pos=(6, 3) action=0 move=(0, 0) ability=False
[ATTACKER GUARD GC] SyouTa pos=(13, 3) action=2 move=(-1, 0) ability=False
[ATTACKER GUARD GC] Absol pos=(10, 2) action=0 move=(0, 0) ability=False
[ATTACKER GUARD GC] eKo pos=(6, 1) action=0 move=(0, 0) ability=False
[ATTACKER GUARD GC] SugarZ3ro pos=(22, 31) action=6 move=(0, -1) ability=False
[ATTACKER GUARD GC] Xdll pos=(6, 3) action=0 move=(0, 0) ability=False
[ATTACKER GUARD GC] SyouTa pos=(12, 3) action=2 move=(-1, 0) ability=False
[ATTACKER GUARD GC] Absol pos=(10, 2) action=0 move=(0, 0) ability=False
[ATTACKER GUARD GC] eKo pos=(6, 1) action=0 move=(0, 0) ability=False
[ATTACKER GUARD GC] SugarZ3ro pos=(22, 30) action=6 move=(0, -1) ability=False
[ATTACKER GUARD GC] Xdll pos=(6, 3) action=0 move=(0, 0) ability=False
[ATTACKER GUARD GC] SyouTa pos=(11, 3) action=8 move=(0, 1) ability=False
[ATTACKER GUARD GC] Absol pos=(10, 2) action=0 move=(0, 0) ability=False
[ATTACKER GUARD GC] eKo pos=(6, 1) action=0 move=(0, 0) ability=False
[ATTACKER GUARD GC] SugarZ3ro pos=(22, 29) action=6 move=(0, -1) ability=False
[ATTACKER GUARD GC] Xdll pos=(6, 3) action=0 move=(0, 0) ability=False
[ATTACKER GUARD GC] SyouTa pos=(11, 4) action=8 move=(0, 1) ability=False
[ATTACKER GUARD GC] Absol pos=(10, 2) action=0 move=(0, 0) ability=False
[ATTACKER GUARD GC] eKo pos=(6, 1) action=0 move=(0, 0) ability=False
[ATTACKER GUARD GC] SugarZ3ro pos=(22, 28) action=6 move=(0, -1) ability=False
[ATTACKER GUARD GC] Xdll pos=(6, 3) action=0 move=(0, 0) ability=False
[ATTACKER GUARD GC] SyouTa pos=(11, 5) action=8 move=(0, 1) ability=False
[ATTACKER GUARD GC] Absol pos=(10, 2) action=0 move=(0, 0) ability=False
[ATTACKER GUARD GC] eKo pos=(6, 1) action=0 move=(0, 0) ability=False
[ATTACKER GUARD GC] SugarZ3ro pos=(22, 27) action=6 move=(0, -1) ability=False
[ATTACKER GUARD GC] Xdll pos=(6, 3) action=0 move=(0, 0) ability=False
[ATTACKER GUARD GC] SyouTa pos=(11, 6) action=2 move=(-1, 0) ability=False
[ATTACKER GUARD GC] Absol pos=(10, 2) action=0 move=(0, 0) ability=False
[ATTACKER GUARD GC] eKo pos=(6, 1) action=0 move=(0, 0) ability=False
[ATTACKER GUARD GC] SugarZ3ro pos=(22, 26) action=6 move=(0, -1) ability=False
[ATTACKER GUARD GC] Xdll pos=(6, 3) action=0 move=(0, 0) ability=False
[ATTACKER GUARD GC] SyouTa pos=(10, 6) action=0 move=(0, 0) ability=False
[ATTACKER GUARD GC] Absol pos=(10, 2) action=0 move=(0, 0) ability=False
[ATTACKER GUARD GC] eKo pos=(6, 1) action=0 move=(0, 0) ability=False
[ATTACKER GUARD GC] SugarZ3ro pos=(22, 25) action=6 move=(0, -1) ability=False
[ATTACKER GUARD GC] Xdll pos=(6, 3) action=0 move=(0, 0) ability=False
[ATTACKER GUARD GC] SyouTa pos=(10, 6) action=0 move=(0, 0) ability=False
[ATTACKER GUARD GC] Absol pos=(10, 2) action=0 move=(0, 0) ability=False
[ATTACKER GUARD GC] eKo pos=(6, 1) action=0 move=(0, 0) ability=False
[ATTACKER GUARD GC] SugarZ3ro pos=(22, 24) action=6 move=(0, -1) ability=False
[ATTACKER GUARD GC] Xdll pos=(6, 3) action=0 move=(0, 0) ability=False
[ATTACKER GUARD GC] SyouTa pos=(10, 6) action=0 move=(0, 0) ability=False
[ATTACKER GUARD GC] Absol pos=(10, 2) action=0 move=(0, 0) ability=False
[ATTACKER GUARD GC] eKo pos=(6, 1) action=9 move=(0, 1) ability=True
[ATTACKER GUARD GC] SugarZ3ro pos=(22, 23) action=6 move=(0, -1) ability=False
[ATTACKER GUARD GC] Xdll pos=(6, 3) action=0 move=(0, 0) ability=False
[ATTACKER GUARD GC] SyouTa pos=(10, 6) action=0 move=(0, 0) ability=False
[ATTACKER GUARD GC] Absol pos=(10, 2) action=0 move=(0, 0) ability=False
[ATTACKER GUARD GC] eKo pos=(6, 1) action=0 move=(0, 0) ability=False
[ATTACKER GUARD GC] SugarZ3ro pos=(22, 22) action=0 move=(0, 0) ability=False
[ATTACKER GUARD GC] Xdll pos=(6, 3) action=0 move=(0, 0) ability=False
[ATTACKER GUARD GC] SyouTa pos=(10, 6) action=0 move=(0, 0) ability=False
[ATTACKER GUARD GC] Absol pos=(10, 2) action=0 move=(0, 0) ability=False
[ATTACKER GUARD GC] eKo pos=(6, 1) action=0 move=(0, 0) ability=False
[ATTACKER GUARD GC] SugarZ3ro pos=(22, 22) action=7 move=(0, -1) ability=True
[ATTACKER GUARD GC] Xdll pos=(6, 3) action=1 move=(0, 0) ability=True
[ATTACKER GUARD GC] SyouTa pos=(10, 6) action=0 move=(0, 0) ability=False
[ATTACKER GUARD GC] Absol pos=(10, 2) action=0 move=(0, 0) ability=False
[ATTACKER GUARD GC] eKo pos=(6, 1) action=9 move=(0, 1) ability=True
[ATTACKER GUARD GC] SugarZ3ro pos=(22, 22) action=6 move=(0, -1) ability=False
[ATTACKER GUARD GC] Xdll pos=(6, 3) action=1 move=(0, 0) ability=True
[ATTACKER GUARD GC] SyouTa pos=(10, 6) action=0 move=(0, 0) ability=False
[ATTACKER GUARD GC] Absol pos=(10, 2) action=0 move=(0, 0) ability=False
[ATTACKER GUARD GC] eKo pos=(6, 1) action=0 move=(0, 0) ability=False
[ATTACKER GUARD GC] SugarZ3ro pos=(22, 21) action=6 move=(0, -1) ability=False
[ATTACKER GUARD GC] Xdll pos=(6, 3) action=1 move=(0, 0) ability=True
[ATTACKER GUARD GC] SyouTa pos=(10, 6) action=0 move=(0, 0) ability=False
[ATTACKER GUARD GC] Absol pos=(10, 2) action=0 move=(0, 0) ability=False
[ATTACKER GUARD GC] eKo pos=(6, 1) action=0 move=(0, 0) ability=False
[ATTACKER GUARD GC] SugarZ3ro pos=(22, 20) action=6 move=(0, -1) ability=False
[ATTACKER GUARD GC] Xdll pos=(6, 3) action=1 move=(0, 0) ability=True
[ATTACKER GUARD GC] SyouTa pos=(10, 6) action=0 move=(0, 0) ability=False
[ATTACKER GUARD GC] Absol pos=(10, 2) action=0 move=(0, 0) ability=False
[ATTACKER GUARD GC] eKo pos=(6, 1) action=0 move=(0, 0) ability=False
[ATTACKER GUARD GC] SugarZ3ro pos=(22, 19) action=6 move=(0, -1) ability=False
[ATTACKER GUARD GC] Xdll pos=(6, 3) action=1 move=(0, 0) ability=True
[ATTACKER GUARD GC] SyouTa pos=(10, 6) action=0 move=(0, 0) ability=False
[ATTACKER GUARD GC] Absol pos=(10, 2) action=0 move=(0, 0) ability=False
[ATTACKER GUARD GC] eKo pos=(6, 1) action=0 move=(0, 0) ability=False
[ATTACKER GUARD GC] SugarZ3ro pos=(22, 18) action=6 move=(0, -1) ability=False
[ATTACKER GUARD GC] Xdll pos=(6, 3) action=5 move=(1, 0) ability=True
[ATTACKER GUARD GC] SyouTa pos=(10, 6) action=0 move=(0, 0) ability=False
[ATTACKER GUARD GC] Absol pos=(10, 2) action=0 move=(0, 0) ability=False
[ATTACKER GUARD GC] eKo pos=(6, 1) action=0 move=(0, 0) ability=False
[ATTACKER GUARD GC] SugarZ3ro pos=(22, 17) action=6 move=(0, -1) ability=False
[ATTACKER GUARD GC] Xdll pos=(6, 3) action=5 move=(1, 0) ability=True
[ATTACKER GUARD GC] SyouTa pos=(10, 6) action=0 move=(0, 0) ability=False
[ATTACKER GUARD GC] Absol pos=(10, 2) action=0 move=(0, 0) ability=False
[ATTACKER GUARD GC] eKo pos=(6, 1) action=0 move=(0, 0) ability=False
[ATTACKER GUARD GC] SugarZ3ro pos=(22, 16) action=6 move=(0, -1) ability=False
[ATTACKER GUARD GC] Xdll pos=(6, 3) action=5 move=(1, 0) ability=True
[ATTACKER GUARD GC] SyouTa pos=(10, 6) action=0 move=(0, 0) ability=False
[ATTACKER GUARD GC] Absol pos=(10, 2) action=0 move=(0, 0) ability=False
[ATTACKER GUARD GC] eKo pos=(6, 1) action=0 move=(0, 0) ability=False
[ATTACKER GUARD GC] SugarZ3ro pos=(22, 15) action=6 move=(0, -1) ability=False
[ATTACKER GUARD GC] Xdll pos=(6, 3) action=5 move=(1, 0) ability=True
[ATTACKER GUARD GC] SyouTa pos=(10, 6) action=0 move=(0, 0) ability=False
[ATTACKER GUARD GC] Absol pos=(10, 2) action=0 move=(0, 0) ability=False
[ATTACKER GUARD GC] eKo pos=(6, 1) action=0 move=(0, 0) ability=False
[ATTACKER GUARD GC] SugarZ3ro pos=(22, 14) action=6 move=(0, -1) ability=False
[ATTACKER GUARD GC] Xdll pos=(6, 3) action=5 move=(1, 0) ability=True
[ATTACKER GUARD GC] SyouTa pos=(10, 6) action=0 move=(0, 0) ability=False
[ATTACKER GUARD GC] Absol pos=(10, 2) action=0 move=(0, 0) ability=False
[ATTACKER GUARD GC] eKo pos=(6, 1) action=0 move=(0, 0) ability=False
[ATTACKER GUARD GC] SugarZ3ro pos=(22, 13) action=6 move=(0, -1) ability=False
[ATTACKER GUARD GC] Xdll pos=(6, 3) action=5 move=(1, 0) ability=True
[ATTACKER GUARD GC] SyouTa pos=(10, 6) action=0 move=(0, 0) ability=False
[ATTACKER GUARD GC] Absol pos=(10, 2) action=0 move=(0, 0) ability=False
[ATTACKER GUARD GC] eKo pos=(6, 1) action=0 move=(0, 0) ability=False
[ATTACKER GUARD GC] SugarZ3ro pos=(22, 12) action=2 move=(-1, 0) ability=False
[ATTACKER GUARD GC] Xdll pos=(6, 3) action=5 move=(1, 0) ability=True
[ATTACKER GUARD GC] SyouTa pos=(10, 6) action=0 move=(0, 0) ability=False
[ATTACKER GUARD GC] Absol pos=(10, 2) action=0 move=(0, 0) ability=False
[ATTACKER GUARD GC] eKo pos=(6, 1) action=0 move=(0, 0) ability=False
[ATTACKER GUARD GC] SugarZ3ro pos=(21, 12) action=6 move=(0, -1) ability=False
[ATTACKER GUARD GC] Xdll pos=(6, 3) action=5 move=(1, 0) ability=True
[ATTACKER GUARD GC] SyouTa pos=(10, 6) action=0 move=(0, 0) ability=False
[ATTACKER GUARD GC] Absol pos=(10, 2) action=0 move=(0, 0) ability=False
[ATTACKER GUARD GC] eKo pos=(6, 1) action=0 move=(0, 0) ability=False
[ATTACKER GUARD GC] SugarZ3ro pos=(21, 11) action=6 move=(0, -1) ability=False
[ATTACKER GUARD GC] Xdll pos=(6, 3) action=5 move=(1, 0) ability=True
[ATTACKER GUARD GC] SyouTa pos=(10, 6) action=0 move=(0, 0) ability=False
[ATTACKER GUARD GC] Absol pos=(10, 2) action=0 move=(0, 0) ability=False
[ATTACKER GUARD GC] eKo pos=(6, 1) action=0 move=(0, 0) ability=False
[ATTACKER GUARD GC] SugarZ3ro pos=(21, 10) action=6 move=(0, -1) ability=False
[ATTACKER GUARD GC] Xdll pos=(6, 3) action=0 move=(0, 0) ability=False
[ATTACKER GUARD GC] SyouTa pos=(10, 6) action=0 move=(0, 0) ability=False
[ATTACKER GUARD GC] Absol pos=(10, 2) action=0 move=(0, 0) ability=False
[ATTACKER GUARD GC] eKo pos=(6, 1) action=0 move=(0, 0) ability=False
[ATTACKER GUARD GC] SugarZ3ro pos=(21, 9) action=0 move=(0, 0) ability=False
[ATTACKER GUARD GC] Xdll pos=(6, 3) action=0 move=(0, 0) ability=False
[ATTACKER GUARD GC] SyouTa pos=(10, 6) action=0 move=(0, 0) ability=False
[ATTACKER GUARD GC] Absol pos=(10, 2) action=0 move=(0, 0) ability=False
[ATTACKER GUARD GC] eKo pos=(6, 1) action=0 move=(0, 0) ability=False
[ATTACKER GUARD GC] SugarZ3ro pos=(21, 9) action=0 move=(0, 0) ability=False
[ATTACKER GUARD GC] Xdll pos=(6, 3) action=0 move=(0, 0) ability=False
[ATTACKER GUARD GC] SyouTa pos=(10, 6) action=0 move=(0, 0) ability=False
[ATTACKER GUARD GC] Absol pos=(10, 2) action=0 move=(0, 0) ability=False
[ATTACKER GUARD GC] eKo pos=(6, 1) action=0 move=(0, 0) ability=False
[ATTACKER GUARD GC] SugarZ3ro pos=(21, 9) action=0 move=(0, 0) ability=False
[ATTACKER GUARD GC] Xdll pos=(6, 3) action=0 move=(0, 0) ability=False
[ATTACKER GUARD GC] Absol pos=(10, 2) action=0 move=(0, 0) ability=False
[ATTACKER GUARD GC] eKo pos=(6, 1) action=0 move=(0, 0) ability=False
[ATTACKER GUARD GC] SugarZ3ro pos=(21, 9) action=0 move=(0, 0) ability=False
[ATTACKER GUARD GC] Xdll pos=(6, 3) action=0 move=(0, 0) ability=False
[ATTACKER GUARD GC] Absol pos=(10, 2) action=0 move=(0, 0) ability=False
[ATTACKER GUARD GC] eKo pos=(6, 1) action=0 move=(0, 0) ability=False
[ATTACKER GUARD GC] SugarZ3ro pos=(21, 9) action=0 move=(0, 0) ability=False
[ATTACKER GUARD GC] Xdll pos=(6, 3) action=0 move=(0, 0) ability=False
[ATTACKER GUARD GC] Absol pos=(10, 2) action=0 move=(0, 0) ability=False
[ATTACKER GUARD GC] eKo pos=(6, 1) action=0 move=(0, 0) ability=False
[ATTACKER GUARD GC] SugarZ3ro pos=(21, 9) action=0 move=(0, 0) ability=False
[ATTACKER GUARD GC] Xdll pos=(6, 3) action=0 move=(0, 0) ability=False
[ATTACKER GUARD GC] Absol pos=(10, 2) action=0 move=(0, 0) ability=False
[ATTACKER GUARD GC] eKo pos=(6, 1) action=0 move=(0, 0) ability=False
[ATTACKER GUARD GC] SugarZ3ro pos=(21, 9) action=0 move=(0, 0) ability=False
[ATTACKER GUARD GC] Xdll pos=(6, 3) action=0 move=(0, 0) ability=False
[ATTACKER GUARD GC] Absol pos=(10, 2) action=0 move=(0, 0) ability=False
[ATTACKER GUARD GC] eKo pos=(6, 1) action=0 move=(0, 0) ability=False
[ATTACKER GUARD GC] SugarZ3ro pos=(21, 9) action=0 move=(0, 0) ability=False
[ATTACKER GUARD GC] Xdll pos=(6, 3) action=0 move=(0, 0) ability=False
[ATTACKER GUARD GC] eKo pos=(6, 1) action=0 move=(0, 0) ability=False
[ATTACKER GUARD GC] SugarZ3ro pos=(21, 9) action=4 move=(1, 0) ability=False
[ATTACKER GUARD GC] Xdll pos=(6, 3) action=0 move=(0, 0) ability=False
[ATTACKER GUARD GC] eKo pos=(6, 1) action=0 move=(0, 0) ability=False
[ATTACKER GUARD GC] SugarZ3ro pos=(22, 9) action=0 move=(0, 0) ability=False
[ATTACKER GUARD GC] Xdll pos=(6, 3) action=0 move=(0, 0) ability=False
[ATTACKER GUARD GC] SugarZ3ro pos=(22, 9) action=2 move=(-1, 0) ability=False
[ATTACKER GUARD GC] Xdll pos=(6, 3) action=0 move=(0, 0) ability=False
[ATTACKER GUARD GC] SugarZ3ro pos=(21, 9) action=2 move=(-1, 0) ability=False
[ATTACKER GUARD GC] Xdll pos=(6, 3) action=0 move=(0, 0) ability=False
[ATTACKER GUARD GC] SugarZ3ro pos=(20, 9) action=0 move=(0, 0) ability=False
[ATTACKER GUARD GC] Xdll pos=(6, 3) action=0 move=(0, 0) ability=False
[ATTACKER GUARD GC] SugarZ3ro pos=(20, 9) action=0 move=(0, 0) ability=False
[ATTACKER GUARD GC] Xdll pos=(6, 3) action=0 move=(0, 0) ability=False
[ATTACKER GUARD GC] SugarZ3ro pos=(20, 9) action=0 move=(0, 0) ability=False
[ATTACKER GUARD GC] Xdll pos=(6, 3) action=0 move=(0, 0) ability=False
[ATTACKER GUARD GC] SugarZ3ro pos=(20, 9) action=0 move=(0, 0) ability=False
[ATTACKER GUARD GC] Xdll pos=(6, 3) action=0 move=(0, 0) ability=False
[ATTACKER GUARD GC] SugarZ3ro pos=(20, 9) action=2 move=(-1, 0) ability=False
[ATTACKER GUARD GC] Xdll pos=(6, 3) action=0 move=(0, 0) ability=False
[ATTACKER GUARD GC] SugarZ3ro pos=(19, 9) action=0 move=(0, 0) ability=False
[ATTACKER GUARD GC] Xdll pos=(6, 3) action=0 move=(0, 0) ability=False
[ATTACKER GUARD GC] SugarZ3ro pos=(19, 9) action=0 move=(0, 0) ability=False
[GC Macro] tick=9 REHIT_B -> A_RUSH
[GC Macro] tick=21 A_RUSH -> A_SPLIT
[GC GUARD] planted=(9, 3) pattern=5 assignments={'Absol': (10, 2), 'SugarZ3ro': (10, 6), 'SyouTa': (6, 6), 'Xdll': (4, 6), 'eKo': (15, 3)}
[ATTACKER GUARD GC] Xdll pos=(16, 21) action=2 move=(-1, 0) ability=False
[ATTACKER GUARD GC] SyouTa pos=(11, 12) action=6 move=(0, -1) ability=False
[ATTACKER GUARD GC] eKo pos=(16, 23) action=6 move=(0, -1) ability=False
[ATTACKER GUARD GC] SugarZ3ro pos=(14, 20) action=6 move=(0, -1) ability=False
[ATTACKER GUARD GC] Xdll pos=(15, 21) action=2 move=(-1, 0) ability=False
[ATTACKER GUARD GC] SyouTa pos=(11, 11) action=6 move=(0, -1) ability=False
[ATTACKER GUARD GC] Absol pos=(9, 3) action=4 move=(1, 0) ability=False
[ATTACKER GUARD GC] eKo pos=(16, 22) action=6 move=(0, -1) ability=False
[ATTACKER GUARD GC] SugarZ3ro pos=(14, 19) action=6 move=(0, -1) ability=False
[ATTACKER GUARD GC] Xdll pos=(14, 21) action=0 move=(0, 0) ability=False
[ATTACKER GUARD GC] SyouTa pos=(11, 10) action=6 move=(0, -1) ability=False
[ATTACKER GUARD GC] Absol pos=(10, 3) action=6 move=(0, -1) ability=False
[ATTACKER GUARD GC] eKo pos=(16, 21) action=2 move=(-1, 0) ability=False
[ATTACKER GUARD GC] SugarZ3ro pos=(14, 18) action=2 move=(-1, 0) ability=False
[ATTACKER GUARD GC] SyouTa pos=(11, 9) action=6 move=(0, -1) ability=False
[ATTACKER GUARD GC] Absol pos=(10, 2) action=0 move=(0, 0) ability=False
[ATTACKER GUARD GC] eKo pos=(15, 21) action=2 move=(-1, 0) ability=False
[ATTACKER GUARD GC] SugarZ3ro pos=(13, 18) action=2 move=(-1, 0) ability=False
[ATTACKER GUARD GC] SyouTa pos=(11, 8) action=6 move=(0, -1) ability=False
[ATTACKER GUARD GC] Absol pos=(10, 2) action=0 move=(0, 0) ability=False
[ATTACKER GUARD GC] eKo pos=(14, 21) action=6 move=(0, -1) ability=False
[ATTACKER GUARD GC] SugarZ3ro pos=(12, 18) action=6 move=(0, -1) ability=False
[ATTACKER GUARD GC] SyouTa pos=(11, 7) action=0 move=(0, 0) ability=False
[ATTACKER GUARD GC] Absol pos=(10, 2) action=0 move=(0, 0) ability=False
[ATTACKER GUARD GC] eKo pos=(14, 20) action=0 move=(0, 0) ability=False
[ATTACKER GUARD GC] SugarZ3ro pos=(12, 17) action=2 move=(-1, 0) ability=False
[ATTACKER GUARD GC] SyouTa pos=(11, 7) action=0 move=(0, 0) ability=False
[ATTACKER GUARD GC] Absol pos=(10, 2) action=0 move=(0, 0) ability=False
[ATTACKER GUARD GC] eKo pos=(14, 20) action=6 move=(0, -1) ability=False
[ATTACKER GUARD GC] SugarZ3ro pos=(11, 17) action=2 move=(-1, 0) ability=False
[ATTACKER GUARD GC] SyouTa pos=(11, 7) action=0 move=(0, 0) ability=False
[ATTACKER GUARD GC] Absol pos=(10, 2) action=0 move=(0, 0) ability=False
[ATTACKER GUARD GC] eKo pos=(14, 19) action=6 move=(0, -1) ability=False
[ATTACKER GUARD GC] SugarZ3ro pos=(10, 17) action=2 move=(-1, 0) ability=False
[ATTACKER GUARD GC] SyouTa pos=(11, 7) action=0 move=(0, 0) ability=False
[ATTACKER GUARD GC] Absol pos=(10, 2) action=0 move=(0, 0) ability=False
[ATTACKER GUARD GC] eKo pos=(14, 18) action=4 move=(1, 0) ability=False
[ATTACKER GUARD GC] SugarZ3ro pos=(9, 17) action=6 move=(0, -1) ability=False
[ATTACKER GUARD GC] SyouTa pos=(11, 7) action=0 move=(0, 0) ability=False
[ATTACKER GUARD GC] Absol pos=(10, 2) action=0 move=(0, 0) ability=False
[ATTACKER GUARD GC] eKo pos=(15, 18) action=6 move=(0, -1) ability=False
[ATTACKER GUARD GC] SugarZ3ro pos=(9, 16) action=6 move=(0, -1) ability=False
[ATTACKER GUARD GC] SyouTa pos=(11, 7) action=0 move=(0, 0) ability=False
[ATTACKER GUARD GC] Absol pos=(10, 2) action=0 move=(0, 0) ability=False
[ATTACKER GUARD GC] eKo pos=(15, 17) action=6 move=(0, -1) ability=False
[ATTACKER GUARD GC] SugarZ3ro pos=(9, 15) action=6 move=(0, -1) ability=False
[ATTACKER GUARD GC] SyouTa pos=(11, 7) action=0 move=(0, 0) ability=False
[ATTACKER GUARD GC] Absol pos=(10, 2) action=0 move=(0, 0) ability=False
[ATTACKER GUARD GC] eKo pos=(15, 16) action=6 move=(0, -1) ability=False
[ATTACKER GUARD GC] SugarZ3ro pos=(9, 14) action=6 move=(0, -1) ability=False
[ATTACKER GUARD GC] SyouTa pos=(11, 7) action=0 move=(0, 0) ability=False
[ATTACKER GUARD GC] Absol pos=(10, 2) action=0 move=(0, 0) ability=False
[ATTACKER GUARD GC] eKo pos=(15, 15) action=6 move=(0, -1) ability=False
[ATTACKER GUARD GC] SugarZ3ro pos=(9, 13) action=6 move=(0, -1) ability=False
[ATTACKER GUARD GC] SyouTa pos=(11, 7) action=0 move=(0, 0) ability=False
[ATTACKER GUARD GC] Absol pos=(10, 2) action=0 move=(0, 0) ability=False
[ATTACKER GUARD GC] eKo pos=(15, 14) action=6 move=(0, -1) ability=False
[ATTACKER GUARD GC] SugarZ3ro pos=(9, 12) action=0 move=(0, 0) ability=False
[ATTACKER GUARD GC] SyouTa pos=(11, 7) action=0 move=(0, 0) ability=False
[ATTACKER GUARD GC] Absol pos=(10, 2) action=0 move=(0, 0) ability=False
[ATTACKER GUARD GC] eKo pos=(15, 13) action=4 move=(1, 0) ability=False
[ATTACKER GUARD GC] SugarZ3ro pos=(9, 12) action=0 move=(0, 0) ability=False
[ATTACKER GUARD GC] SyouTa pos=(11, 7) action=0 move=(0, 0) ability=False
[ATTACKER GUARD GC] Absol pos=(10, 2) action=0 move=(0, 0) ability=False
[ATTACKER GUARD GC] eKo pos=(16, 13) action=4 move=(1, 0) ability=False
[ATTACKER GUARD GC] SugarZ3ro pos=(9, 12) action=4 move=(1, 0) ability=False
[ATTACKER GUARD GC] SyouTa pos=(11, 7) action=6 move=(0, -1) ability=False
[ATTACKER GUARD GC] Absol pos=(10, 2) action=0 move=(0, 0) ability=False
[ATTACKER GUARD GC] eKo pos=(17, 13) action=4 move=(1, 0) ability=False
[ATTACKER GUARD GC] SugarZ3ro pos=(10, 12) action=4 move=(1, 0) ability=False
[ATTACKER GUARD GC] SyouTa pos=(11, 6) action=2 move=(-1, 0) ability=False
[ATTACKER GUARD GC] Absol pos=(10, 2) action=0 move=(0, 0) ability=False
[ATTACKER GUARD GC] eKo pos=(18, 13) action=6 move=(0, -1) ability=False
[ATTACKER GUARD GC] SugarZ3ro pos=(11, 12) action=6 move=(0, -1) ability=False
[ATTACKER GUARD GC] SyouTa pos=(10, 6) action=2 move=(-1, 0) ability=False
[ATTACKER GUARD GC] Absol pos=(10, 2) action=0 move=(0, 0) ability=False
[ATTACKER GUARD GC] eKo pos=(18, 12) action=6 move=(0, -1) ability=False
[ATTACKER GUARD GC] SugarZ3ro pos=(11, 11) action=6 move=(0, -1) ability=False
[ATTACKER GUARD GC] SyouTa pos=(9, 6) action=2 move=(-1, 0) ability=False
[ATTACKER GUARD GC] Absol pos=(10, 2) action=0 move=(0, 0) ability=False
[ATTACKER GUARD GC] eKo pos=(18, 11) action=6 move=(0, -1) ability=False
[ATTACKER GUARD GC] SugarZ3ro pos=(11, 10) action=6 move=(0, -1) ability=False
[ATTACKER GUARD GC] SyouTa pos=(8, 6) action=2 move=(-1, 0) ability=False
[ATTACKER GUARD GC] Absol pos=(10, 2) action=0 move=(0, 0) ability=False
[ATTACKER GUARD GC] eKo pos=(18, 10) action=6 move=(0, -1) ability=False
[ATTACKER GUARD GC] SugarZ3ro pos=(11, 9) action=6 move=(0, -1) ability=False
[ATTACKER GUARD GC] SyouTa pos=(7, 6) action=0 move=(0, 0) ability=False
[ATTACKER GUARD GC] Absol pos=(10, 2) action=0 move=(0, 0) ability=False
[ATTACKER GUARD GC] eKo pos=(18, 9) action=0 move=(0, 0) ability=False
[ATTACKER GUARD GC] SugarZ3ro pos=(11, 8) action=0 move=(0, 0) ability=False
[ATTACKER GUARD GC] SyouTa pos=(7, 6) action=0 move=(0, 0) ability=False
[ATTACKER GUARD GC] Absol pos=(10, 2) action=0 move=(0, 0) ability=False
[ATTACKER GUARD GC] eKo pos=(18, 9) action=0 move=(0, 0) ability=False
[ATTACKER GUARD GC] SugarZ3ro pos=(11, 8) action=0 move=(0, 0) ability=False
[ATTACKER GUARD GC] SyouTa pos=(7, 6) action=0 move=(0, 0) ability=False
[ATTACKER GUARD GC] Absol pos=(10, 2) action=0 move=(0, 0) ability=False
[ATTACKER GUARD GC] eKo pos=(18, 9) action=0 move=(0, 0) ability=False
[ATTACKER GUARD GC] SugarZ3ro pos=(11, 8) action=0 move=(0, 0) ability=False
[ATTACKER GUARD GC] SyouTa pos=(7, 6) action=0 move=(0, 0) ability=False
[ATTACKER GUARD GC] Absol pos=(10, 2) action=0 move=(0, 0) ability=False
[ATTACKER GUARD GC] eKo pos=(18, 9) action=7 move=(0, -1) ability=True
[ATTACKER GUARD GC] SyouTa pos=(7, 6) action=6 move=(0, -1) ability=False
[ATTACKER GUARD GC] Absol pos=(10, 2) action=0 move=(0, 0) ability=False
[ATTACKER GUARD GC] eKo pos=(18, 9) action=5 move=(1, 0) ability=True
[ATTACKER GUARD GC] SyouTa pos=(7, 5) action=8 move=(0, 1) ability=False
[ATTACKER GUARD GC] Absol pos=(10, 2) action=0 move=(0, 0) ability=False
[ATTACKER GUARD GC] eKo pos=(18, 9) action=2 move=(-1, 0) ability=False
[ATTACKER GUARD GC] SyouTa pos=(7, 6) action=2 move=(-1, 0) ability=False
[ATTACKER GUARD GC] Absol pos=(10, 2) action=0 move=(0, 0) ability=False
[ATTACKER GUARD GC] eKo pos=(17, 9) action=2 move=(-1, 0) ability=False
[ATTACKER GUARD GC] SyouTa pos=(6, 6) action=0 move=(0, 0) ability=False
[ATTACKER GUARD GC] Absol pos=(10, 2) action=0 move=(0, 0) ability=False
[ATTACKER GUARD GC] eKo pos=(16, 9) action=6 move=(0, -1) ability=False
[ATTACKER GUARD GC] SyouTa pos=(6, 6) action=0 move=(0, 0) ability=False
[ATTACKER GUARD GC] Absol pos=(10, 2) action=0 move=(0, 0) ability=False
[ATTACKER GUARD GC] eKo pos=(16, 8) action=6 move=(0, -1) ability=False
[ATTACKER GUARD GC] SyouTa pos=(6, 6) action=0 move=(0, 0) ability=False
[ATTACKER GUARD GC] Absol pos=(10, 2) action=0 move=(0, 0) ability=False
[ATTACKER GUARD GC] eKo pos=(16, 7) action=6 move=(0, -1) ability=False
[ATTACKER GUARD GC] SyouTa pos=(6, 6) action=0 move=(0, 0) ability=False
[ATTACKER GUARD GC] Absol pos=(10, 2) action=0 move=(0, 0) ability=False
[ATTACKER GUARD GC] eKo pos=(16, 6) action=2 move=(-1, 0) ability=False
[ATTACKER GUARD GC] SyouTa pos=(6, 6) action=0 move=(0, 0) ability=False
[ATTACKER GUARD GC] Absol pos=(10, 2) action=0 move=(0, 0) ability=False
[ATTACKER GUARD GC] eKo pos=(15, 6) action=6 move=(0, -1) ability=False
[ATTACKER GUARD GC] SyouTa pos=(6, 6) action=0 move=(0, 0) ability=False
[ATTACKER GUARD GC] Absol pos=(10, 2) action=0 move=(0, 0) ability=False
[ATTACKER GUARD GC] eKo pos=(15, 5) action=6 move=(0, -1) ability=False
[ATTACKER GUARD GC] SyouTa pos=(6, 6) action=0 move=(0, 0) ability=False
[ATTACKER GUARD GC] Absol pos=(10, 2) action=0 move=(0, 0) ability=False
[ATTACKER GUARD GC] eKo pos=(15, 4) action=6 move=(0, -1) ability=False
[ATTACKER GUARD GC] SyouTa pos=(6, 6) action=0 move=(0, 0) ability=False
[ATTACKER GUARD GC] Absol pos=(10, 2) action=0 move=(0, 0) ability=False
[ATTACKER GUARD GC] eKo pos=(15, 3) action=0 move=(0, 0) ability=False
[ATTACKER GUARD GC] SyouTa pos=(6, 6) action=0 move=(0, 0) ability=False
[ATTACKER GUARD GC] Absol pos=(10, 2) action=0 move=(0, 0) ability=False
[ATTACKER GUARD GC] eKo pos=(15, 3) action=0 move=(0, 0) ability=False
[ATTACKER GUARD GC] SyouTa pos=(6, 6) action=0 move=(0, 0) ability=False
[ATTACKER GUARD GC] Absol pos=(10, 2) action=0 move=(0, 0) ability=False
[ATTACKER GUARD GC] eKo pos=(15, 3) action=0 move=(0, 0) ability=False
[ATTACKER GUARD GC] SyouTa pos=(6, 6) action=0 move=(0, 0) ability=False
[ATTACKER GUARD GC] eKo pos=(15, 3) action=0 move=(0, 0) ability=False
[ATTACKER GUARD GC] SyouTa pos=(6, 6) action=0 move=(0, 0) ability=False
[ATTACKER GUARD GC] eKo pos=(15, 3) action=0 move=(0, 0) ability=False
[ATTACKER GUARD GC] SyouTa pos=(6, 6) action=0 move=(0, 0) ability=False
[ATTACKER GUARD GC] eKo pos=(15, 3) action=0 move=(0, 0) ability=False
[ATTACKER GUARD GC] SyouTa pos=(6, 6) action=0 move=(0, 0) ability=False
[ATTACKER GUARD GC] eKo pos=(15, 3) action=0 move=(0, 0) ability=False
[ATTACKER GUARD GC] SyouTa pos=(6, 6) action=0 move=(0, 0) ability=False
[ATTACKER GUARD GC] eKo pos=(15, 3) action=0 move=(0, 0) ability=False
[ATTACKER GUARD GC] SyouTa pos=(6, 6) action=0 move=(0, 0) ability=False
[ATTACKER GUARD GC] eKo pos=(15, 3) action=0 move=(0, 0) ability=False
[ATTACKER GUARD GC] SyouTa pos=(6, 6) action=0 move=(0, 0) ability=False
[ATTACKER GUARD GC] eKo pos=(15, 3) action=0 move=(0, 0) ability=False
[ATTACKER GUARD GC] SyouTa pos=(6, 6) action=0 move=(0, 0) ability=False
[ATTACKER GUARD GC] eKo pos=(15, 3) action=0 move=(0, 0) ability=False
[ATTACKER GUARD GC] SyouTa pos=(6, 6) action=0 move=(0, 0) ability=False
[ATTACKER GUARD GC] eKo pos=(15, 3) action=0 move=(0, 0) ability=False
[ATTACKER GUARD GC] SyouTa pos=(6, 6) action=0 move=(0, 0) ability=False
[ATTACKER GUARD GC] eKo pos=(15, 3) action=0 move=(0, 0) ability=False
[ATTACKER GUARD GC] SyouTa pos=(6, 6) action=0 move=(0, 0) ability=False
[ATTACKER GUARD GC] eKo pos=(15, 3) action=0 move=(0, 0) ability=False
[ATTACKER GUARD GC] SyouTa pos=(6, 6) action=2 move=(-1, 0) ability=False
[ATTACKER GUARD GC] eKo pos=(15, 3) action=0 move=(0, 0) ability=False
[ATTACKER GUARD GC] SyouTa pos=(5, 6) action=0 move=(0, 0) ability=False
[ATTACKER GUARD GC] eKo pos=(15, 3) action=0 move=(0, 0) ability=False
[ATTACKER GUARD GC] SyouTa pos=(5, 6) action=4 move=(1, 0) ability=False
[ATTACKER GUARD GC] eKo pos=(15, 3) action=0 move=(0, 0) ability=False
[ATTACKER GUARD GC] SyouTa pos=(6, 6) action=0 move=(0, 0) ability=False
[ATTACKER GUARD GC] eKo pos=(15, 3) action=0 move=(0, 0) ability=False
[GC Macro] tick=37 FAKE_B_TO_A -> A_RUSH
[GC Macro] tick=9 A_RUSH -> A_SPLIT
[GC GUARD] planted=(10, 40) pattern=8 assignments={'Absol': (10, 38), 'SugarZ3ro': (14, 40), 'SyouTa': (10, 42), 'Xdll': (9, 42), 'eKo': (13, 40)}
[ATTACKER GUARD GC] Xdll pos=(12, 4) action=0 move=(0, 0) ability=False
[ATTACKER GUARD GC] SyouTa pos=(12, 3) action=6 move=(0, -1) ability=False
[ATTACKER GUARD GC] eKo pos=(15, 4) action=4 move=(1, 0) ability=False
[ATTACKER GUARD GC] SugarZ3ro pos=(21, 13) action=4 move=(1, 0) ability=False
[ATTACKER GUARD GC] Xdll pos=(12, 4) action=6 move=(0, -1) ability=False
[ATTACKER GUARD GC] SyouTa pos=(12, 2) action=6 move=(0, -1) ability=False
[ATTACKER GUARD GC] Absol pos=(10, 40) action=6 move=(0, -1) ability=False
[ATTACKER GUARD GC] eKo pos=(16, 4) action=6 move=(0, -1) ability=False
[ATTACKER GUARD GC] SugarZ3ro pos=(22, 13) action=7 move=(0, -1) ability=True
[ATTACKER GUARD GC] Xdll pos=(12, 3) action=6 move=(0, -1) ability=False
[ATTACKER GUARD GC] SyouTa pos=(12, 1) action=4 move=(1, 0) ability=False
[ATTACKER GUARD GC] Absol pos=(10, 39) action=7 move=(0, -1) ability=True
[ATTACKER GUARD GC] eKo pos=(16, 3) action=4 move=(1, 0) ability=False
[ATTACKER GUARD GC] SugarZ3ro pos=(22, 13) action=6 move=(0, -1) ability=False
[ATTACKER GUARD GC] Xdll pos=(12, 2) action=6 move=(0, -1) ability=False
[ATTACKER GUARD GC] SyouTa pos=(13, 1) action=0 move=(0, 0) ability=False
[ATTACKER GUARD GC] Absol pos=(10, 39) action=6 move=(0, -1) ability=False
[ATTACKER GUARD GC] eKo pos=(17, 3) action=0 move=(0, 0) ability=False
[ATTACKER GUARD GC] SugarZ3ro pos=(22, 12) action=6 move=(0, -1) ability=False
[ATTACKER GUARD GC] Xdll pos=(12, 1) action=2 move=(-1, 0) ability=False
[ATTACKER GUARD GC] SyouTa pos=(13, 1) action=0 move=(0, 0) ability=False
[ATTACKER GUARD GC] Absol pos=(10, 38) action=0 move=(0, 0) ability=False
[ATTACKER GUARD GC] eKo pos=(17, 3) action=0 move=(0, 0) ability=False
[ATTACKER GUARD GC] SugarZ3ro pos=(22, 11) action=6 move=(0, -1) ability=False
[ATTACKER GUARD GC] Xdll pos=(11, 1) action=4 move=(1, 0) ability=False
[ATTACKER GUARD GC] SyouTa pos=(13, 1) action=0 move=(0, 0) ability=False
[ATTACKER GUARD GC] Absol pos=(10, 38) action=0 move=(0, 0) ability=False
[ATTACKER GUARD GC] eKo pos=(17, 3) action=0 move=(0, 0) ability=False
[ATTACKER GUARD GC] SugarZ3ro pos=(22, 10) action=6 move=(0, -1) ability=False
[ATTACKER GUARD GC] Xdll pos=(12, 1) action=2 move=(-1, 0) ability=False
[ATTACKER GUARD GC] SyouTa pos=(13, 1) action=0 move=(0, 0) ability=False
[ATTACKER GUARD GC] Absol pos=(10, 38) action=0 move=(0, 0) ability=False
[ATTACKER GUARD GC] eKo pos=(17, 3) action=0 move=(0, 0) ability=False
[ATTACKER GUARD GC] SugarZ3ro pos=(22, 9) action=0 move=(0, 0) ability=False
[ATTACKER GUARD GC] Xdll pos=(11, 1) action=4 move=(1, 0) ability=False
[ATTACKER GUARD GC] SyouTa pos=(13, 1) action=0 move=(0, 0) ability=False
[ATTACKER GUARD GC] Absol pos=(10, 38) action=0 move=(0, 0) ability=False
[ATTACKER GUARD GC] eKo pos=(17, 3) action=0 move=(0, 0) ability=False
[ATTACKER GUARD GC] SugarZ3ro pos=(22, 9) action=0 move=(0, 0) ability=False
[ATTACKER GUARD GC] Xdll pos=(12, 1) action=2 move=(-1, 0) ability=False
[ATTACKER GUARD GC] SyouTa pos=(13, 1) action=0 move=(0, 0) ability=False
[ATTACKER GUARD GC] Absol pos=(10, 38) action=0 move=(0, 0) ability=False
[ATTACKER GUARD GC] eKo pos=(17, 3) action=0 move=(0, 0) ability=False
[ATTACKER GUARD GC] SugarZ3ro pos=(22, 9) action=0 move=(0, 0) ability=False
[ATTACKER GUARD GC] Xdll pos=(11, 1) action=9 move=(0, 1) ability=True
[ATTACKER GUARD GC] SyouTa pos=(13, 1) action=0 move=(0, 0) ability=False
[ATTACKER GUARD GC] Absol pos=(10, 38) action=0 move=(0, 0) ability=False
[ATTACKER GUARD GC] eKo pos=(17, 3) action=0 move=(0, 0) ability=False
[ATTACKER GUARD GC] SugarZ3ro pos=(22, 9) action=0 move=(0, 0) ability=False
[ATTACKER GUARD GC] Xdll pos=(11, 1) action=9 move=(0, 1) ability=True
[ATTACKER GUARD GC] SyouTa pos=(13, 1) action=2 move=(-1, 0) ability=False
[ATTACKER GUARD GC] Absol pos=(10, 38) action=0 move=(0, 0) ability=False
[ATTACKER GUARD GC] eKo pos=(17, 3) action=2 move=(-1, 0) ability=False
[ATTACKER GUARD GC] SugarZ3ro pos=(22, 9) action=0 move=(0, 0) ability=False
[ATTACKER GUARD GC] Xdll pos=(11, 1) action=8 move=(0, 1) ability=False
[ATTACKER GUARD GC] SyouTa pos=(12, 1) action=4 move=(1, 0) ability=False
[ATTACKER GUARD GC] Absol pos=(10, 38) action=0 move=(0, 0) ability=False
[ATTACKER GUARD GC] eKo pos=(16, 3) action=4 move=(1, 0) ability=False
[ATTACKER GUARD GC] SugarZ3ro pos=(22, 9) action=0 move=(0, 0) ability=False
[ATTACKER GUARD GC] Xdll pos=(11, 2) action=6 move=(0, -1) ability=False
[ATTACKER GUARD GC] SyouTa pos=(13, 1) action=2 move=(-1, 0) ability=False
[ATTACKER GUARD GC] Absol pos=(10, 38) action=0 move=(0, 0) ability=False
[ATTACKER GUARD GC] eKo pos=(17, 3) action=2 move=(-1, 0) ability=False
[ATTACKER GUARD GC] SugarZ3ro pos=(22, 9) action=0 move=(0, 0) ability=False
[ATTACKER GUARD GC] Xdll pos=(11, 1) action=8 move=(0, 1) ability=False
[ATTACKER GUARD GC] SyouTa pos=(12, 1) action=4 move=(1, 0) ability=False
[ATTACKER GUARD GC] Absol pos=(10, 38) action=0 move=(0, 0) ability=False
[ATTACKER GUARD GC] eKo pos=(16, 3) action=4 move=(1, 0) ability=False
[ATTACKER GUARD GC] SugarZ3ro pos=(22, 9) action=0 move=(0, 0) ability=False
[ATTACKER GUARD GC] Xdll pos=(11, 2) action=6 move=(0, -1) ability=False
[ATTACKER GUARD GC] SyouTa pos=(13, 1) action=2 move=(-1, 0) ability=False
[ATTACKER GUARD GC] Absol pos=(10, 38) action=0 move=(0, 0) ability=False
[ATTACKER GUARD GC] eKo pos=(17, 3) action=2 move=(-1, 0) ability=False
[ATTACKER GUARD GC] SugarZ3ro pos=(22, 9) action=0 move=(0, 0) ability=False
[ATTACKER GUARD GC] Xdll pos=(11, 1) action=8 move=(0, 1) ability=False
[ATTACKER GUARD GC] SyouTa pos=(12, 1) action=4 move=(1, 0) ability=False
[ATTACKER GUARD GC] Absol pos=(10, 38) action=0 move=(0, 0) ability=False
[ATTACKER GUARD GC] eKo pos=(16, 3) action=4 move=(1, 0) ability=False
[ATTACKER GUARD GC] SugarZ3ro pos=(22, 9) action=0 move=(0, 0) ability=False
[ATTACKER GUARD GC] Xdll pos=(11, 2) action=6 move=(0, -1) ability=False
[ATTACKER GUARD GC] SyouTa pos=(13, 1) action=2 move=(-1, 0) ability=False
[ATTACKER GUARD GC] Absol pos=(10, 38) action=0 move=(0, 0) ability=False
[ATTACKER GUARD GC] eKo pos=(17, 3) action=2 move=(-1, 0) ability=False
[ATTACKER GUARD GC] SugarZ3ro pos=(22, 9) action=0 move=(0, 0) ability=False
[ATTACKER GUARD GC] Xdll pos=(11, 1) action=8 move=(0, 1) ability=False
[ATTACKER GUARD GC] SyouTa pos=(12, 1) action=4 move=(1, 0) ability=False
[ATTACKER GUARD GC] Absol pos=(10, 38) action=0 move=(0, 0) ability=False
[ATTACKER GUARD GC] eKo pos=(16, 3) action=4 move=(1, 0) ability=False
[ATTACKER GUARD GC] SugarZ3ro pos=(22, 9) action=0 move=(0, 0) ability=False
[ATTACKER GUARD GC] Xdll pos=(11, 2) action=6 move=(0, -1) ability=False
[ATTACKER GUARD GC] SyouTa pos=(13, 1) action=2 move=(-1, 0) ability=False
[ATTACKER GUARD GC] Absol pos=(10, 38) action=0 move=(0, 0) ability=False
[ATTACKER GUARD GC] eKo pos=(17, 3) action=2 move=(-1, 0) ability=False
[ATTACKER GUARD GC] SugarZ3ro pos=(22, 9) action=0 move=(0, 0) ability=False
[ATTACKER GUARD GC] Xdll pos=(11, 1) action=8 move=(0, 1) ability=False
[ATTACKER GUARD GC] SyouTa pos=(12, 1) action=4 move=(1, 0) ability=False
[ATTACKER GUARD GC] Absol pos=(10, 38) action=0 move=(0, 0) ability=False
[ATTACKER GUARD GC] eKo pos=(16, 3) action=4 move=(1, 0) ability=False
[ATTACKER GUARD GC] SugarZ3ro pos=(22, 9) action=0 move=(0, 0) ability=False
[ATTACKER GUARD GC] Xdll pos=(11, 2) action=6 move=(0, -1) ability=False
[ATTACKER GUARD GC] SyouTa pos=(13, 1) action=2 move=(-1, 0) ability=False
[ATTACKER GUARD GC] Absol pos=(10, 38) action=0 move=(0, 0) ability=False
[ATTACKER GUARD GC] eKo pos=(17, 3) action=2 move=(-1, 0) ability=False
[ATTACKER GUARD GC] SugarZ3ro pos=(22, 9) action=0 move=(0, 0) ability=False
[ATTACKER GUARD GC] Xdll pos=(11, 1) action=8 move=(0, 1) ability=False
[ATTACKER GUARD GC] SyouTa pos=(12, 1) action=4 move=(1, 0) ability=False
[ATTACKER GUARD GC] Absol pos=(10, 38) action=0 move=(0, 0) ability=False
[ATTACKER GUARD GC] eKo pos=(16, 3) action=4 move=(1, 0) ability=False
[ATTACKER GUARD GC] SugarZ3ro pos=(22, 9) action=0 move=(0, 0) ability=False
[ATTACKER GUARD GC] Xdll pos=(11, 2) action=6 move=(0, -1) ability=False
[ATTACKER GUARD GC] SyouTa pos=(13, 1) action=2 move=(-1, 0) ability=False
[ATTACKER GUARD GC] Absol pos=(10, 38) action=0 move=(0, 0) ability=False
[ATTACKER GUARD GC] eKo pos=(17, 3) action=2 move=(-1, 0) ability=False
[ATTACKER GUARD GC] SugarZ3ro pos=(22, 9) action=0 move=(0, 0) ability=False
[ATTACKER GUARD GC] Xdll pos=(11, 1) action=8 move=(0, 1) ability=False
[ATTACKER GUARD GC] SyouTa pos=(12, 1) action=4 move=(1, 0) ability=False
[ATTACKER GUARD GC] Absol pos=(10, 38) action=0 move=(0, 0) ability=False
[ATTACKER GUARD GC] eKo pos=(16, 3) action=4 move=(1, 0) ability=False
[ATTACKER GUARD GC] SugarZ3ro pos=(22, 9) action=0 move=(0, 0) ability=False
[ATTACKER GUARD GC] Xdll pos=(11, 2) action=6 move=(0, -1) ability=False
[ATTACKER GUARD GC] SyouTa pos=(13, 1) action=2 move=(-1, 0) ability=False
[ATTACKER GUARD GC] Absol pos=(10, 38) action=0 move=(0, 0) ability=False
[ATTACKER GUARD GC] eKo pos=(17, 3) action=2 move=(-1, 0) ability=False
[ATTACKER GUARD GC] SugarZ3ro pos=(22, 9) action=0 move=(0, 0) ability=False
[ATTACKER GUARD GC] Xdll pos=(11, 1) action=8 move=(0, 1) ability=False
[ATTACKER GUARD GC] SyouTa pos=(12, 1) action=4 move=(1, 0) ability=False
[ATTACKER GUARD GC] Absol pos=(10, 38) action=0 move=(0, 0) ability=False
[ATTACKER GUARD GC] eKo pos=(16, 3) action=4 move=(1, 0) ability=False
[ATTACKER GUARD GC] SugarZ3ro pos=(22, 9) action=0 move=(0, 0) ability=False
[ATTACKER GUARD GC] Xdll pos=(11, 2) action=4 move=(1, 0) ability=False
[ATTACKER GUARD GC] SyouTa pos=(13, 1) action=2 move=(-1, 0) ability=False
[ATTACKER GUARD GC] Absol pos=(10, 38) action=0 move=(0, 0) ability=False
[ATTACKER GUARD GC] eKo pos=(17, 3) action=2 move=(-1, 0) ability=False
[ATTACKER GUARD GC] SugarZ3ro pos=(22, 9) action=0 move=(0, 0) ability=False
[ATTACKER GUARD GC] Xdll pos=(12, 2) action=4 move=(1, 0) ability=False
[ATTACKER GUARD GC] SyouTa pos=(12, 1) action=4 move=(1, 0) ability=False
[ATTACKER GUARD GC] Absol pos=(10, 38) action=0 move=(0, 0) ability=False
[ATTACKER GUARD GC] eKo pos=(16, 3) action=4 move=(1, 0) ability=False
[ATTACKER GUARD GC] SugarZ3ro pos=(22, 9) action=0 move=(0, 0) ability=False
[ATTACKER GUARD GC] Xdll pos=(13, 2) action=2 move=(-1, 0) ability=False
[ATTACKER GUARD GC] SyouTa pos=(13, 1) action=2 move=(-1, 0) ability=False
[ATTACKER GUARD GC] Absol pos=(10, 38) action=0 move=(0, 0) ability=False
[ATTACKER GUARD GC] eKo pos=(17, 3) action=2 move=(-1, 0) ability=False
[ATTACKER GUARD GC] SugarZ3ro pos=(22, 9) action=0 move=(0, 0) ability=False
[ATTACKER GUARD GC] Xdll pos=(12, 2) action=4 move=(1, 0) ability=False
[ATTACKER GUARD GC] SyouTa pos=(12, 1) action=4 move=(1, 0) ability=False
[ATTACKER GUARD GC] Absol pos=(10, 38) action=0 move=(0, 0) ability=False
[ATTACKER GUARD GC] eKo pos=(16, 3) action=4 move=(1, 0) ability=False
[ATTACKER GUARD GC] SugarZ3ro pos=(22, 9) action=0 move=(0, 0) ability=False
[ATTACKER GUARD GC] Xdll pos=(13, 2) action=2 move=(-1, 0) ability=False
[ATTACKER GUARD GC] SyouTa pos=(13, 1) action=2 move=(-1, 0) ability=False
[ATTACKER GUARD GC] Absol pos=(10, 38) action=0 move=(0, 0) ability=False
[ATTACKER GUARD GC] eKo pos=(17, 3) action=2 move=(-1, 0) ability=False
[ATTACKER GUARD GC] SugarZ3ro pos=(22, 9) action=2 move=(-1, 0) ability=False
[ATTACKER GUARD GC] Xdll pos=(12, 2) action=4 move=(1, 0) ability=False
[ATTACKER GUARD GC] SyouTa pos=(12, 1) action=4 move=(1, 0) ability=False
[ATTACKER GUARD GC] Absol pos=(10, 38) action=0 move=(0, 0) ability=False
[ATTACKER GUARD GC] eKo pos=(16, 3) action=4 move=(1, 0) ability=False
[ATTACKER GUARD GC] SugarZ3ro pos=(21, 9) action=4 move=(1, 0) ability=False
[ATTACKER GUARD GC] Xdll pos=(13, 2) action=2 move=(-1, 0) ability=False
[ATTACKER GUARD GC] SyouTa pos=(13, 1) action=2 move=(-1, 0) ability=False
[ATTACKER GUARD GC] Absol pos=(10, 38) action=0 move=(0, 0) ability=False
[ATTACKER GUARD GC] eKo pos=(17, 3) action=2 move=(-1, 0) ability=False
[ATTACKER GUARD GC] SugarZ3ro pos=(22, 9) action=2 move=(-1, 0) ability=False
[ATTACKER GUARD GC] Xdll pos=(12, 2) action=2 move=(-1, 0) ability=False
[ATTACKER GUARD GC] SyouTa pos=(12, 1) action=4 move=(1, 0) ability=False
[ATTACKER GUARD GC] eKo pos=(16, 3) action=4 move=(1, 0) ability=False
[ATTACKER GUARD GC] SugarZ3ro pos=(21, 9) action=4 move=(1, 0) ability=False
[ATTACKER GUARD GC] Xdll pos=(11, 2) action=2 move=(-1, 0) ability=False
[ATTACKER GUARD GC] SyouTa pos=(13, 1) action=2 move=(-1, 0) ability=False
[ATTACKER GUARD GC] eKo pos=(17, 3) action=2 move=(-1, 0) ability=False
[ATTACKER GUARD GC] SugarZ3ro pos=(22, 9) action=8 move=(0, 1) ability=False
[ATTACKER GUARD GC] Xdll pos=(10, 2) action=4 move=(1, 0) ability=False
[ATTACKER GUARD GC] SyouTa pos=(12, 1) action=2 move=(-1, 0) ability=False
[ATTACKER GUARD GC] eKo pos=(16, 3) action=4 move=(1, 0) ability=False
[ATTACKER GUARD GC] SugarZ3ro pos=(22, 10) action=8 move=(0, 1) ability=False
[ATTACKER GUARD GC] Xdll pos=(11, 2) action=2 move=(-1, 0) ability=False
[ATTACKER GUARD GC] SyouTa pos=(11, 1) action=0 move=(0, 0) ability=False
[ATTACKER GUARD GC] eKo pos=(17, 3) action=2 move=(-1, 0) ability=False
[ATTACKER GUARD GC] SugarZ3ro pos=(22, 11) action=8 move=(0, 1) ability=False
[ATTACKER GUARD GC] Xdll pos=(10, 2) action=4 move=(1, 0) ability=False
[ATTACKER GUARD GC] SyouTa pos=(11, 1) action=0 move=(0, 0) ability=False
[ATTACKER GUARD GC] eKo pos=(16, 3) action=4 move=(1, 0) ability=False
[ATTACKER GUARD GC] SugarZ3ro pos=(22, 12) action=8 move=(0, 1) ability=False
[ATTACKER GUARD GC] Xdll pos=(11, 2) action=2 move=(-1, 0) ability=False
[ATTACKER GUARD GC] SyouTa pos=(11, 1) action=0 move=(0, 0) ability=False
[ATTACKER GUARD GC] eKo pos=(17, 3) action=2 move=(-1, 0) ability=False
[ATTACKER GUARD GC] SugarZ3ro pos=(22, 13) action=8 move=(0, 1) ability=False
[ATTACKER GUARD GC] Xdll pos=(10, 2) action=4 move=(1, 0) ability=False
[ATTACKER GUARD GC] SyouTa pos=(11, 1) action=0 move=(0, 0) ability=False
[ATTACKER GUARD GC] eKo pos=(16, 3) action=8 move=(0, 1) ability=False
[ATTACKER GUARD GC] SugarZ3ro pos=(22, 14) action=2 move=(-1, 0) ability=False
[ATTACKER GUARD GC] Xdll pos=(11, 2) action=2 move=(-1, 0) ability=False
[ATTACKER GUARD GC] SyouTa pos=(11, 1) action=8 move=(0, 1) ability=False
[ATTACKER GUARD GC] eKo pos=(16, 4) action=8 move=(0, 1) ability=False
[ATTACKER GUARD GC] SugarZ3ro pos=(21, 14) action=4 move=(1, 0) ability=False
[ATTACKER GUARD GC] Xdll pos=(10, 2) action=6 move=(0, -1) ability=False
[ATTACKER GUARD GC] SyouTa pos=(11, 2) action=4 move=(1, 0) ability=False
[ATTACKER GUARD GC] eKo pos=(16, 5) action=9 move=(0, 1) ability=True
[ATTACKER GUARD GC] SugarZ3ro pos=(22, 14) action=2 move=(-1, 0) ability=False
[ATTACKER GUARD GC] Xdll pos=(10, 1) action=4 move=(1, 0) ability=False
[ATTACKER GUARD GC] SyouTa pos=(12, 2) action=9 move=(0, 1) ability=True
[ATTACKER GUARD GC] eKo pos=(16, 5) action=9 move=(0, 1) ability=True
[ATTACKER GUARD GC] SugarZ3ro pos=(21, 14) action=4 move=(1, 0) ability=False
[ATTACKER GUARD GC] Xdll pos=(11, 1) action=4 move=(1, 0) ability=False
[ATTACKER GUARD GC] SyouTa pos=(12, 2) action=4 move=(1, 0) ability=False
[ATTACKER GUARD GC] eKo pos=(16, 5) action=2 move=(-1, 0) ability=False
[ATTACKER GUARD GC] SugarZ3ro pos=(22, 14) action=8 move=(0, 1) ability=False
[GC Macro] tick=18 ROTATE_A_TO_B -> B_SPLIT
[GC GUARD] planted=(10, 40) pattern=8 assignments={'Absol': (10, 38), 'SugarZ3ro': (14, 40), 'SyouTa': (13, 40), 'Xdll': (10, 42), 'eKo': (9, 42)}
[ATTACKER GUARD GC] Xdll pos=(16, 25) action=2 move=(-1, 0) ability=False
[ATTACKER GUARD GC] SyouTa pos=(19, 42) action=2 move=(-1, 0) ability=False
[ATTACKER GUARD GC] eKo pos=(7, 38) action=4 move=(1, 0) ability=False
[ATTACKER GUARD GC] SugarZ3ro pos=(17, 28) action=4 move=(1, 0) ability=False
[ATTACKER GUARD GC] Xdll pos=(15, 25) action=2 move=(-1, 0) ability=False
[ATTACKER GUARD GC] SyouTa pos=(18, 42) action=6 move=(0, -1) ability=False
[ATTACKER GUARD GC] Absol pos=(10, 40) action=6 move=(0, -1) ability=False
[ATTACKER GUARD GC] eKo pos=(8, 38) action=4 move=(1, 0) ability=False
[ATTACKER GUARD GC] SugarZ3ro pos=(18, 28) action=8 move=(0, 1) ability=False
[ATTACKER GUARD GC] Xdll pos=(14, 25) action=2 move=(-1, 0) ability=False
[ATTACKER GUARD GC] SyouTa pos=(18, 41) action=6 move=(0, -1) ability=False
[ATTACKER GUARD GC] Absol pos=(10, 39) action=6 move=(0, -1) ability=False
[ATTACKER GUARD GC] eKo pos=(9, 38) action=8 move=(0, 1) ability=False
[ATTACKER GUARD GC] SugarZ3ro pos=(18, 29) action=8 move=(0, 1) ability=False
[ATTACKER GUARD GC] Xdll pos=(13, 25) action=8 move=(0, 1) ability=False
[ATTACKER GUARD GC] SyouTa pos=(18, 40) action=2 move=(-1, 0) ability=False
[ATTACKER GUARD GC] Absol pos=(10, 38) action=0 move=(0, 0) ability=False
[ATTACKER GUARD GC] eKo pos=(9, 39) action=4 move=(1, 0) ability=False
[ATTACKER GUARD GC] SugarZ3ro pos=(18, 30) action=8 move=(0, 1) ability=False
[ATTACKER GUARD GC] Xdll pos=(13, 26) action=8 move=(0, 1) ability=False
[ATTACKER GUARD GC] SyouTa pos=(17, 40) action=0 move=(0, 0) ability=False
[ATTACKER GUARD GC] Absol pos=(10, 38) action=0 move=(0, 0) ability=False
[ATTACKER GUARD GC] eKo pos=(10, 39) action=8 move=(0, 1) ability=False
[ATTACKER GUARD GC] SugarZ3ro pos=(18, 31) action=0 move=(0, 0) ability=False
[ATTACKER GUARD GC] Xdll pos=(13, 27) action=2 move=(-1, 0) ability=False
[ATTACKER GUARD GC] SyouTa pos=(17, 40) action=0 move=(0, 0) ability=False
[ATTACKER GUARD GC] Absol pos=(10, 38) action=0 move=(0, 0) ability=False
[ATTACKER GUARD GC] eKo pos=(10, 40) action=8 move=(0, 1) ability=False
[ATTACKER GUARD GC] SugarZ3ro pos=(18, 31) action=0 move=(0, 0) ability=False
[ATTACKER GUARD GC] Xdll pos=(12, 27) action=8 move=(0, 1) ability=False
[ATTACKER GUARD GC] SyouTa pos=(17, 40) action=0 move=(0, 0) ability=False
[ATTACKER GUARD GC] Absol pos=(10, 38) action=0 move=(0, 0) ability=False
[ATTACKER GUARD GC] eKo pos=(10, 41) action=8 move=(0, 1) ability=False
[ATTACKER GUARD GC] SugarZ3ro pos=(18, 31) action=0 move=(0, 0) ability=False
[ATTACKER GUARD GC] Xdll pos=(12, 28) action=8 move=(0, 1) ability=False
[ATTACKER GUARD GC] SyouTa pos=(17, 40) action=0 move=(0, 0) ability=False
[ATTACKER GUARD GC] Absol pos=(10, 38) action=0 move=(0, 0) ability=False
[ATTACKER GUARD GC] eKo pos=(10, 42) action=2 move=(-1, 0) ability=False
[ATTACKER GUARD GC] SugarZ3ro pos=(18, 31) action=0 move=(0, 0) ability=False
[ATTACKER GUARD GC] Xdll pos=(12, 29) action=0 move=(0, 0) ability=False
[ATTACKER GUARD GC] SyouTa pos=(17, 40) action=0 move=(0, 0) ability=False
[ATTACKER GUARD GC] Absol pos=(10, 38) action=0 move=(0, 0) ability=False
[ATTACKER GUARD GC] eKo pos=(9, 42) action=0 move=(0, 0) ability=False
[ATTACKER GUARD GC] SugarZ3ro pos=(18, 31) action=0 move=(0, 0) ability=False
[ATTACKER GUARD GC] Xdll pos=(12, 29) action=8 move=(0, 1) ability=False
[ATTACKER GUARD GC] SyouTa pos=(17, 40) action=0 move=(0, 0) ability=False
[ATTACKER GUARD GC] Absol pos=(10, 38) action=0 move=(0, 0) ability=False
[ATTACKER GUARD GC] eKo pos=(9, 42) action=0 move=(0, 0) ability=False
[ATTACKER GUARD GC] SugarZ3ro pos=(18, 31) action=0 move=(0, 0) ability=False
[ATTACKER GUARD GC] Xdll pos=(12, 30) action=4 move=(1, 0) ability=False
[ATTACKER GUARD GC] SyouTa pos=(17, 40) action=0 move=(0, 0) ability=False
[ATTACKER GUARD GC] Absol pos=(10, 38) action=0 move=(0, 0) ability=False
[ATTACKER GUARD GC] eKo pos=(9, 42) action=0 move=(0, 0) ability=False
[ATTACKER GUARD GC] SugarZ3ro pos=(18, 31) action=0 move=(0, 0) ability=False
[ATTACKER GUARD GC] Xdll pos=(13, 30) action=8 move=(0, 1) ability=False
[ATTACKER GUARD GC] SyouTa pos=(17, 40) action=2 move=(-1, 0) ability=False
[ATTACKER GUARD GC] Absol pos=(10, 38) action=0 move=(0, 0) ability=False
[ATTACKER GUARD GC] eKo pos=(9, 42) action=0 move=(0, 0) ability=False
[ATTACKER GUARD GC] SugarZ3ro pos=(18, 31) action=0 move=(0, 0) ability=False
[ATTACKER GUARD GC] Xdll pos=(13, 31) action=4 move=(1, 0) ability=False
[ATTACKER GUARD GC] SyouTa pos=(16, 40) action=2 move=(-1, 0) ability=False
[ATTACKER GUARD GC] Absol pos=(10, 38) action=0 move=(0, 0) ability=False
[ATTACKER GUARD GC] eKo pos=(9, 42) action=0 move=(0, 0) ability=False
[ATTACKER GUARD GC] SugarZ3ro pos=(18, 31) action=2 move=(-1, 0) ability=False
[ATTACKER GUARD GC] Xdll pos=(14, 31) action=0 move=(0, 0) ability=False
[ATTACKER GUARD GC] SyouTa pos=(15, 40) action=0 move=(0, 0) ability=False
[ATTACKER GUARD GC] Absol pos=(10, 38) action=0 move=(0, 0) ability=False
[ATTACKER GUARD GC] eKo pos=(9, 42) action=0 move=(0, 0) ability=False
[ATTACKER GUARD GC] SugarZ3ro pos=(17, 31) action=0 move=(0, 0) ability=False
[ATTACKER GUARD GC] Xdll pos=(14, 31) action=0 move=(0, 0) ability=False
[ATTACKER GUARD GC] SyouTa pos=(15, 40) action=0 move=(0, 0) ability=False
[ATTACKER GUARD GC] Absol pos=(10, 38) action=0 move=(0, 0) ability=False
[ATTACKER GUARD GC] eKo pos=(9, 42) action=0 move=(0, 0) ability=False
[ATTACKER GUARD GC] SugarZ3ro pos=(17, 31) action=0 move=(0, 0) ability=False
[ATTACKER GUARD GC] Xdll pos=(14, 31) action=0 move=(0, 0) ability=False
[ATTACKER GUARD GC] SyouTa pos=(15, 40) action=0 move=(0, 0) ability=False
[ATTACKER GUARD GC] Absol pos=(10, 38) action=0 move=(0, 0) ability=False
[ATTACKER GUARD GC] eKo pos=(9, 42) action=0 move=(0, 0) ability=False
[ATTACKER GUARD GC] SugarZ3ro pos=(17, 31) action=0 move=(0, 0) ability=False
[ATTACKER GUARD GC] Xdll pos=(14, 31) action=8 move=(0, 1) ability=False
[ATTACKER GUARD GC] SyouTa pos=(15, 40) action=0 move=(0, 0) ability=False
[ATTACKER GUARD GC] Absol pos=(10, 38) action=0 move=(0, 0) ability=False
[ATTACKER GUARD GC] eKo pos=(9, 42) action=0 move=(0, 0) ability=False
[ATTACKER GUARD GC] SugarZ3ro pos=(17, 31) action=0 move=(0, 0) ability=False
[ATTACKER GUARD GC] Xdll pos=(14, 32) action=8 move=(0, 1) ability=False
[ATTACKER GUARD GC] SyouTa pos=(15, 40) action=0 move=(0, 0) ability=False
[ATTACKER GUARD GC] Absol pos=(10, 38) action=0 move=(0, 0) ability=False
[ATTACKER GUARD GC] eKo pos=(9, 42) action=3 move=(-1, 0) ability=True
[ATTACKER GUARD GC] SugarZ3ro pos=(17, 31) action=0 move=(0, 0) ability=False
[ATTACKER GUARD GC] Xdll pos=(14, 33) action=8 move=(0, 1) ability=False
[ATTACKER GUARD GC] SyouTa pos=(15, 40) action=0 move=(0, 0) ability=False
[ATTACKER GUARD GC] Absol pos=(10, 38) action=0 move=(0, 0) ability=False
[ATTACKER GUARD GC] eKo pos=(9, 42) action=3 move=(-1, 0) ability=True
[ATTACKER GUARD GC] SugarZ3ro pos=(17, 31) action=2 move=(-1, 0) ability=False
[ATTACKER GUARD GC] Xdll pos=(14, 34) action=8 move=(0, 1) ability=False
[ATTACKER GUARD GC] SyouTa pos=(15, 40) action=2 move=(-1, 0) ability=False
[ATTACKER GUARD GC] Absol pos=(10, 38) action=0 move=(0, 0) ability=False
[ATTACKER GUARD GC] eKo pos=(9, 42) action=3 move=(-1, 0) ability=True
[ATTACKER GUARD GC] SugarZ3ro pos=(16, 31) action=2 move=(-1, 0) ability=False
[ATTACKER GUARD GC] Xdll pos=(14, 35) action=8 move=(0, 1) ability=False
[ATTACKER GUARD GC] SyouTa pos=(14, 40) action=2 move=(-1, 0) ability=False
[ATTACKER GUARD GC] Absol pos=(10, 38) action=0 move=(0, 0) ability=False
[ATTACKER GUARD GC] eKo pos=(9, 42) action=3 move=(-1, 0) ability=True
[ATTACKER GUARD GC] SugarZ3ro pos=(15, 31) action=2 move=(-1, 0) ability=False
[ATTACKER GUARD GC] Xdll pos=(14, 36) action=8 move=(0, 1) ability=False
[ATTACKER GUARD GC] SyouTa pos=(13, 40) action=0 move=(0, 0) ability=False
[ATTACKER GUARD GC] Absol pos=(10, 38) action=0 move=(0, 0) ability=False
[ATTACKER GUARD GC] eKo pos=(9, 42) action=3 move=(-1, 0) ability=True
[ATTACKER GUARD GC] SugarZ3ro pos=(14, 31) action=0 move=(0, 0) ability=False
[ATTACKER GUARD GC] Xdll pos=(14, 37) action=8 move=(0, 1) ability=False
[ATTACKER GUARD GC] SyouTa pos=(13, 40) action=0 move=(0, 0) ability=False
[ATTACKER GUARD GC] Absol pos=(10, 38) action=0 move=(0, 0) ability=False
[ATTACKER GUARD GC] eKo pos=(9, 42) action=0 move=(0, 0) ability=False
[ATTACKER GUARD GC] SugarZ3ro pos=(14, 31) action=0 move=(0, 0) ability=False
[ATTACKER GUARD GC] Xdll pos=(14, 38) action=8 move=(0, 1) ability=False
[ATTACKER GUARD GC] SyouTa pos=(13, 40) action=0 move=(0, 0) ability=False
[ATTACKER GUARD GC] Absol pos=(10, 38) action=0 move=(0, 0) ability=False
[ATTACKER GUARD GC] eKo pos=(9, 42) action=0 move=(0, 0) ability=False
[ATTACKER GUARD GC] Xdll pos=(14, 39) action=8 move=(0, 1) ability=False
[ATTACKER GUARD GC] SyouTa pos=(13, 40) action=0 move=(0, 0) ability=False
[ATTACKER GUARD GC] Absol pos=(10, 38) action=0 move=(0, 0) ability=False
[ATTACKER GUARD GC] eKo pos=(9, 42) action=0 move=(0, 0) ability=False
[ATTACKER GUARD GC] Xdll pos=(14, 40) action=0 move=(0, 0) ability=False
[ATTACKER GUARD GC] SyouTa pos=(13, 40) action=0 move=(0, 0) ability=False
[ATTACKER GUARD GC] Absol pos=(10, 38) action=0 move=(0, 0) ability=False
[ATTACKER GUARD GC] eKo pos=(9, 42) action=0 move=(0, 0) ability=False
[ATTACKER GUARD GC] Xdll pos=(14, 40) action=0 move=(0, 0) ability=False
[ATTACKER GUARD GC] SyouTa pos=(13, 40) action=0 move=(0, 0) ability=False
[ATTACKER GUARD GC] Absol pos=(10, 38) action=0 move=(0, 0) ability=False
[ATTACKER GUARD GC] eKo pos=(9, 42) action=0 move=(0, 0) ability=False
[ATTACKER GUARD GC] Xdll pos=(14, 40) action=0 move=(0, 0) ability=False
[ATTACKER GUARD GC] SyouTa pos=(13, 40) action=0 move=(0, 0) ability=False
[ATTACKER GUARD GC] Absol pos=(10, 38) action=0 move=(0, 0) ability=False
[ATTACKER GUARD GC] eKo pos=(9, 42) action=0 move=(0, 0) ability=False
[ATTACKER GUARD GC] Xdll pos=(14, 40) action=0 move=(0, 0) ability=False
[ATTACKER GUARD GC] SyouTa pos=(13, 40) action=0 move=(0, 0) ability=False
[ATTACKER GUARD GC] Absol pos=(10, 38) action=0 move=(0, 0) ability=False
[ATTACKER GUARD GC] eKo pos=(9, 42) action=0 move=(0, 0) ability=False
[ATTACKER GUARD GC] Xdll pos=(14, 40) action=0 move=(0, 0) ability=False
[ATTACKER GUARD GC] SyouTa pos=(13, 40) action=0 move=(0, 0) ability=False
[ATTACKER GUARD GC] Absol pos=(10, 38) action=0 move=(0, 0) ability=False
[ATTACKER GUARD GC] eKo pos=(9, 42) action=0 move=(0, 0) ability=False
[ATTACKER GUARD GC] Xdll pos=(14, 40) action=6 move=(0, -1) ability=False
[ATTACKER GUARD GC] SyouTa pos=(13, 40) action=0 move=(0, 0) ability=False
[ATTACKER GUARD GC] Absol pos=(10, 38) action=0 move=(0, 0) ability=False
[ATTACKER GUARD GC] eKo pos=(9, 42) action=0 move=(0, 0) ability=False
[ATTACKER GUARD GC] Xdll pos=(14, 39) action=0 move=(0, 0) ability=False
[ATTACKER GUARD GC] SyouTa pos=(13, 40) action=0 move=(0, 0) ability=False
[ATTACKER GUARD GC] Absol pos=(10, 38) action=0 move=(0, 0) ability=False
[ATTACKER GUARD GC] eKo pos=(9, 42) action=0 move=(0, 0) ability=False
[ATTACKER GUARD GC] Xdll pos=(14, 39) action=0 move=(0, 0) ability=False
[ATTACKER GUARD GC] SyouTa pos=(13, 40) action=0 move=(0, 0) ability=False
[ATTACKER GUARD GC] Absol pos=(10, 38) action=0 move=(0, 0) ability=False
[ATTACKER GUARD GC] eKo pos=(9, 42) action=0 move=(0, 0) ability=False
[ATTACKER GUARD GC] Xdll pos=(14, 39) action=0 move=(0, 0) ability=False
[ATTACKER GUARD GC] SyouTa pos=(13, 40) action=0 move=(0, 0) ability=False
[ATTACKER GUARD GC] eKo pos=(9, 42) action=0 move=(0, 0) ability=False
[ATTACKER GUARD GC] Xdll pos=(14, 39) action=0 move=(0, 0) ability=False
[ATTACKER GUARD GC] SyouTa pos=(13, 40) action=0 move=(0, 0) ability=False
[ATTACKER GUARD GC] eKo pos=(9, 42) action=0 move=(0, 0) ability=False
[ATTACKER GUARD GC] Xdll pos=(14, 39) action=0 move=(0, 0) ability=False
[ATTACKER GUARD GC] SyouTa pos=(13, 40) action=0 move=(0, 0) ability=False
[ATTACKER GUARD GC] eKo pos=(9, 42) action=0 move=(0, 0) ability=False
[ATTACKER GUARD GC] Xdll pos=(14, 39) action=0 move=(0, 0) ability=False
[ATTACKER GUARD GC] SyouTa pos=(13, 40) action=0 move=(0, 0) ability=False
[ATTACKER GUARD GC] eKo pos=(9, 42) action=0 move=(0, 0) ability=False
[ATTACKER GUARD GC] Xdll pos=(14, 39) action=0 move=(0, 0) ability=False
[ATTACKER GUARD GC] SyouTa pos=(13, 40) action=0 move=(0, 0) ability=False
[ATTACKER GUARD GC] eKo pos=(9, 42) action=0 move=(0, 0) ability=False
[ATTACKER GUARD GC] Xdll pos=(14, 39) action=0 move=(0, 0) ability=False
[ATTACKER GUARD GC] SyouTa pos=(13, 40) action=0 move=(0, 0) ability=False
[ATTACKER GUARD GC] eKo pos=(9, 42) action=0 move=(0, 0) ability=False
[ATTACKER GUARD GC] Xdll pos=(14, 39) action=8 move=(0, 1) ability=False
[ATTACKER GUARD GC] SyouTa pos=(13, 40) action=0 move=(0, 0) ability=False
[ATTACKER GUARD GC] eKo pos=(9, 42) action=4 move=(1, 0) ability=False
[ATTACKER GUARD GC] Xdll pos=(14, 40) action=6 move=(0, -1) ability=False
[ATTACKER GUARD GC] SyouTa pos=(13, 40) action=0 move=(0, 0) ability=False
[ATTACKER GUARD GC] eKo pos=(10, 42) action=0 move=(0, 0) ability=False
[ATTACKER GUARD GC] Xdll pos=(14, 39) action=8 move=(0, 1) ability=False
[ATTACKER GUARD GC] SyouTa pos=(13, 40) action=0 move=(0, 0) ability=False
[ATTACKER GUARD GC] eKo pos=(10, 42) action=0 move=(0, 0) ability=False
[ATTACKER GUARD GC] Xdll pos=(14, 40) action=0 move=(0, 0) ability=False
[ATTACKER GUARD GC] SyouTa pos=(13, 40) action=0 move=(0, 0) ability=False
[ATTACKER GUARD GC] eKo pos=(10, 42) action=6 move=(0, -1) ability=False
[ATTACKER GUARD GC] Xdll pos=(14, 40) action=0 move=(0, 0) ability=False
[ATTACKER GUARD GC] SyouTa pos=(13, 40) action=0 move=(0, 0) ability=False
[GC Macro] tick=9 A_RUSH -> A_SPLIT
[GC GUARD] planted=(10, 40) pattern=8 assignments={'Absol': (10, 38), 'SugarZ3ro': (10, 42), 'SyouTa': (9, 42), 'Xdll': (14, 40), 'eKo': (13, 40)}
[ATTACKER GUARD GC] Xdll pos=(13, 3) action=6 move=(0, -1) ability=False
[ATTACKER GUARD GC] SyouTa pos=(7, 40) action=4 move=(1, 0) ability=False
[ATTACKER GUARD GC] eKo pos=(12, 5) action=6 move=(0, -1) ability=False
[ATTACKER GUARD GC] SugarZ3ro pos=(11, 10) action=6 move=(0, -1) ability=False
[ATTACKER GUARD GC] Xdll pos=(13, 2) action=6 move=(0, -1) ability=False
[ATTACKER GUARD GC] SyouTa pos=(8, 40) action=4 move=(1, 0) ability=False
[ATTACKER GUARD GC] Absol pos=(10, 40) action=6 move=(0, -1) ability=False
[ATTACKER GUARD GC] eKo pos=(12, 4) action=6 move=(0, -1) ability=False
[ATTACKER GUARD GC] SugarZ3ro pos=(11, 9) action=6 move=(0, -1) ability=False
[ATTACKER GUARD GC] Xdll pos=(13, 1) action=0 move=(0, 0) ability=False
[ATTACKER GUARD GC] SyouTa pos=(9, 40) action=4 move=(1, 0) ability=False
[ATTACKER GUARD GC] Absol pos=(10, 39) action=6 move=(0, -1) ability=False
[ATTACKER GUARD GC] eKo pos=(12, 3) action=6 move=(0, -1) ability=False
[ATTACKER GUARD GC] SugarZ3ro pos=(11, 8) action=6 move=(0, -1) ability=False
[ATTACKER GUARD GC] Xdll pos=(13, 1) action=0 move=(0, 0) ability=False
[ATTACKER GUARD GC] SyouTa pos=(10, 40) action=8 move=(0, 1) ability=False
[ATTACKER GUARD GC] Absol pos=(10, 38) action=0 move=(0, 0) ability=False
[ATTACKER GUARD GC] eKo pos=(12, 2) action=6 move=(0, -1) ability=False
[ATTACKER GUARD GC] SugarZ3ro pos=(11, 7) action=7 move=(0, -1) ability=True
[ATTACKER GUARD GC] Xdll pos=(13, 1) action=0 move=(0, 0) ability=False
[ATTACKER GUARD GC] SyouTa pos=(10, 41) action=8 move=(0, 1) ability=False
[ATTACKER GUARD GC] Absol pos=(10, 38) action=0 move=(0, 0) ability=False
[ATTACKER GUARD GC] eKo pos=(12, 1) action=0 move=(0, 0) ability=False
[ATTACKER GUARD GC] SugarZ3ro pos=(11, 7) action=6 move=(0, -1) ability=False
[ATTACKER GUARD GC] Xdll pos=(13, 1) action=0 move=(0, 0) ability=False
[ATTACKER GUARD GC] SyouTa pos=(10, 42) action=2 move=(-1, 0) ability=False
[ATTACKER GUARD GC] Absol pos=(10, 38) action=0 move=(0, 0) ability=False
[ATTACKER GUARD GC] eKo pos=(12, 1) action=2 move=(-1, 0) ability=False
[ATTACKER GUARD GC] SugarZ3ro pos=(11, 6) action=6 move=(0, -1) ability=False
[ATTACKER GUARD GC] Xdll pos=(13, 1) action=2 move=(-1, 0) ability=False
[ATTACKER GUARD GC] SyouTa pos=(9, 42) action=0 move=(0, 0) ability=False
[ATTACKER GUARD GC] Absol pos=(10, 38) action=0 move=(0, 0) ability=False
[ATTACKER GUARD GC] eKo pos=(11, 1) action=9 move=(0, 1) ability=True
[ATTACKER GUARD GC] SugarZ3ro pos=(11, 5) action=6 move=(0, -1) ability=False
[ATTACKER GUARD GC] Xdll pos=(12, 1) action=4 move=(1, 0) ability=False
[ATTACKER GUARD GC] SyouTa pos=(9, 42) action=0 move=(0, 0) ability=False
[ATTACKER GUARD GC] Absol pos=(10, 38) action=0 move=(0, 0) ability=False
[ATTACKER GUARD GC] eKo pos=(11, 1) action=4 move=(1, 0) ability=False
[ATTACKER GUARD GC] SugarZ3ro pos=(11, 4) action=6 move=(0, -1) ability=False
[ATTACKER GUARD GC] Xdll pos=(13, 1) action=0 move=(0, 0) ability=False
[ATTACKER GUARD GC] SyouTa pos=(9, 42) action=0 move=(0, 0) ability=False
[ATTACKER GUARD GC] Absol pos=(10, 38) action=0 move=(0, 0) ability=False
[ATTACKER GUARD GC] eKo pos=(12, 1) action=2 move=(-1, 0) ability=False
[ATTACKER GUARD GC] SugarZ3ro pos=(11, 3) action=6 move=(0, -1) ability=False
[ATTACKER GUARD GC] Xdll pos=(13, 1) action=2 move=(-1, 0) ability=False
[ATTACKER GUARD GC] SyouTa pos=(9, 42) action=0 move=(0, 0) ability=False
[ATTACKER GUARD GC] Absol pos=(10, 38) action=0 move=(0, 0) ability=False
[ATTACKER GUARD GC] eKo pos=(11, 1) action=1 move=(0, 0) ability=True
[ATTACKER GUARD GC] SugarZ3ro pos=(11, 2) action=8 move=(0, 1) ability=False
[ATTACKER GUARD GC] Xdll pos=(12, 1) action=4 move=(1, 0) ability=False
[ATTACKER GUARD GC] SyouTa pos=(9, 42) action=0 move=(0, 0) ability=False
[ATTACKER GUARD GC] Absol pos=(10, 38) action=0 move=(0, 0) ability=False
[ATTACKER GUARD GC] eKo pos=(11, 1) action=8 move=(0, 1) ability=False
[ATTACKER GUARD GC] SugarZ3ro pos=(11, 3) action=8 move=(0, 1) ability=False
[ATTACKER GUARD GC] Xdll pos=(13, 1) action=2 move=(-1, 0) ability=False
[ATTACKER GUARD GC] SyouTa pos=(9, 42) action=0 move=(0, 0) ability=False
[ATTACKER GUARD GC] Absol pos=(10, 38) action=0 move=(0, 0) ability=False
[ATTACKER GUARD GC] eKo pos=(11, 2) action=6 move=(0, -1) ability=False
[ATTACKER GUARD GC] SugarZ3ro pos=(11, 4) action=6 move=(0, -1) ability=False
[ATTACKER GUARD GC] Xdll pos=(12, 1) action=4 move=(1, 0) ability=False
[ATTACKER GUARD GC] SyouTa pos=(9, 42) action=0 move=(0, 0) ability=False
[ATTACKER GUARD GC] Absol pos=(10, 38) action=0 move=(0, 0) ability=False
[ATTACKER GUARD GC] eKo pos=(11, 1) action=8 move=(0, 1) ability=False
[ATTACKER GUARD GC] SugarZ3ro pos=(11, 3) action=8 move=(0, 1) ability=False
[ATTACKER GUARD GC] Xdll pos=(13, 1) action=2 move=(-1, 0) ability=False
[ATTACKER GUARD GC] SyouTa pos=(9, 42) action=0 move=(0, 0) ability=False
[ATTACKER GUARD GC] Absol pos=(10, 38) action=0 move=(0, 0) ability=False
[ATTACKER GUARD GC] eKo pos=(11, 2) action=6 move=(0, -1) ability=False
[ATTACKER GUARD GC] SugarZ3ro pos=(11, 4) action=6 move=(0, -1) ability=False
[ATTACKER GUARD GC] Xdll pos=(12, 1) action=4 move=(1, 0) ability=False
[ATTACKER GUARD GC] SyouTa pos=(9, 42) action=0 move=(0, 0) ability=False
[ATTACKER GUARD GC] Absol pos=(10, 38) action=0 move=(0, 0) ability=False
[ATTACKER GUARD GC] eKo pos=(11, 1) action=8 move=(0, 1) ability=False
[ATTACKER GUARD GC] SugarZ3ro pos=(11, 3) action=4 move=(1, 0) ability=False
[ATTACKER GUARD GC] Xdll pos=(13, 1) action=2 move=(-1, 0) ability=False
[ATTACKER GUARD GC] SyouTa pos=(9, 42) action=0 move=(0, 0) ability=False
[ATTACKER GUARD GC] Absol pos=(10, 38) action=0 move=(0, 0) ability=False
[ATTACKER GUARD GC] eKo pos=(11, 2) action=6 move=(0, -1) ability=False
[ATTACKER GUARD GC] SugarZ3ro pos=(12, 3) action=6 move=(0, -1) ability=False
[ATTACKER GUARD GC] Xdll pos=(12, 1) action=4 move=(1, 0) ability=False
[ATTACKER GUARD GC] SyouTa pos=(9, 42) action=0 move=(0, 0) ability=False
[ATTACKER GUARD GC] Absol pos=(10, 38) action=0 move=(0, 0) ability=False
[ATTACKER GUARD GC] eKo pos=(11, 1) action=8 move=(0, 1) ability=False
[ATTACKER GUARD GC] SugarZ3ro pos=(12, 2) action=6 move=(0, -1) ability=False
[ATTACKER GUARD GC] Xdll pos=(13, 1) action=0 move=(0, 0) ability=False
[ATTACKER GUARD GC] SyouTa pos=(9, 42) action=0 move=(0, 0) ability=False
[ATTACKER GUARD GC] Absol pos=(10, 38) action=0 move=(0, 0) ability=False
[ATTACKER GUARD GC] eKo pos=(11, 2) action=6 move=(0, -1) ability=False
[ATTACKER GUARD GC] SugarZ3ro pos=(12, 1) action=0 move=(0, 0) ability=False
[ATTACKER GUARD GC] Xdll pos=(13, 1) action=0 move=(0, 0) ability=False
[ATTACKER GUARD GC] SyouTa pos=(9, 42) action=0 move=(0, 0) ability=False
[ATTACKER GUARD GC] Absol pos=(10, 38) action=0 move=(0, 0) ability=False
[ATTACKER GUARD GC] eKo pos=(11, 1) action=8 move=(0, 1) ability=False
[ATTACKER GUARD GC] SugarZ3ro pos=(12, 1) action=2 move=(-1, 0) ability=False
[ATTACKER GUARD GC] Xdll pos=(13, 1) action=2 move=(-1, 0) ability=False
[ATTACKER GUARD GC] SyouTa pos=(9, 42) action=0 move=(0, 0) ability=False
[ATTACKER GUARD GC] Absol pos=(10, 38) action=0 move=(0, 0) ability=False
[ATTACKER GUARD GC] eKo pos=(11, 2) action=8 move=(0, 1) ability=False
[ATTACKER GUARD GC] SugarZ3ro pos=(11, 1) action=8 move=(0, 1) ability=False
[ATTACKER GUARD GC] Xdll pos=(12, 1) action=4 move=(1, 0) ability=False
[ATTACKER GUARD GC] SyouTa pos=(9, 42) action=0 move=(0, 0) ability=False
[ATTACKER GUARD GC] Absol pos=(10, 38) action=0 move=(0, 0) ability=False
[ATTACKER GUARD GC] eKo pos=(11, 3) action=8 move=(0, 1) ability=False
[ATTACKER GUARD GC] SugarZ3ro pos=(11, 2) action=6 move=(0, -1) ability=False
[ATTACKER GUARD GC] Xdll pos=(13, 1) action=2 move=(-1, 0) ability=False
[ATTACKER GUARD GC] SyouTa pos=(9, 42) action=0 move=(0, 0) ability=False
[ATTACKER GUARD GC] Absol pos=(10, 38) action=0 move=(0, 0) ability=False
[ATTACKER GUARD GC] eKo pos=(11, 4) action=6 move=(0, -1) ability=False
[ATTACKER GUARD GC] SugarZ3ro pos=(11, 1) action=8 move=(0, 1) ability=False
[ATTACKER GUARD GC] Xdll pos=(12, 1) action=4 move=(1, 0) ability=False
[ATTACKER GUARD GC] SyouTa pos=(9, 42) action=0 move=(0, 0) ability=False
[ATTACKER GUARD GC] Absol pos=(10, 38) action=0 move=(0, 0) ability=False
[ATTACKER GUARD GC] eKo pos=(11, 3) action=8 move=(0, 1) ability=False
[ATTACKER GUARD GC] SugarZ3ro pos=(11, 2) action=6 move=(0, -1) ability=False
[ATTACKER GUARD GC] Xdll pos=(13, 1) action=2 move=(-1, 0) ability=False
[ATTACKER GUARD GC] SyouTa pos=(9, 42) action=0 move=(0, 0) ability=False
[ATTACKER GUARD GC] Absol pos=(10, 38) action=0 move=(0, 0) ability=False
[ATTACKER GUARD GC] eKo pos=(11, 4) action=6 move=(0, -1) ability=False
[ATTACKER GUARD GC] SugarZ3ro pos=(11, 1) action=8 move=(0, 1) ability=False
[ATTACKER GUARD GC] Xdll pos=(12, 1) action=4 move=(1, 0) ability=False
[ATTACKER GUARD GC] SyouTa pos=(9, 42) action=0 move=(0, 0) ability=False
[ATTACKER GUARD GC] Absol pos=(10, 38) action=0 move=(0, 0) ability=False
[ATTACKER GUARD GC] eKo pos=(11, 3) action=8 move=(0, 1) ability=False
[ATTACKER GUARD GC] SugarZ3ro pos=(11, 2) action=6 move=(0, -1) ability=False
[ATTACKER GUARD GC] Xdll pos=(13, 1) action=2 move=(-1, 0) ability=False
[ATTACKER GUARD GC] SyouTa pos=(9, 42) action=0 move=(0, 0) ability=False
[ATTACKER GUARD GC] Absol pos=(10, 38) action=0 move=(0, 0) ability=False
[ATTACKER GUARD GC] eKo pos=(11, 4) action=6 move=(0, -1) ability=False
[ATTACKER GUARD GC] SugarZ3ro pos=(11, 1) action=8 move=(0, 1) ability=False
[ATTACKER GUARD GC] Xdll pos=(12, 1) action=4 move=(1, 0) ability=False
[ATTACKER GUARD GC] SyouTa pos=(9, 42) action=0 move=(0, 0) ability=False
[ATTACKER GUARD GC] Absol pos=(10, 38) action=0 move=(0, 0) ability=False
[ATTACKER GUARD GC] eKo pos=(11, 3) action=4 move=(1, 0) ability=False
[ATTACKER GUARD GC] SugarZ3ro pos=(11, 2) action=0 move=(0, 0) ability=False
[ATTACKER GUARD GC] Xdll pos=(13, 1) action=2 move=(-1, 0) ability=False
[ATTACKER GUARD GC] SyouTa pos=(9, 42) action=0 move=(0, 0) ability=False
[ATTACKER GUARD GC] Absol pos=(10, 38) action=0 move=(0, 0) ability=False
[ATTACKER GUARD GC] eKo pos=(12, 3) action=6 move=(0, -1) ability=False
[ATTACKER GUARD GC] SugarZ3ro pos=(11, 2) action=0 move=(0, 0) ability=False
[ATTACKER GUARD GC] Xdll pos=(12, 1) action=4 move=(1, 0) ability=False
[ATTACKER GUARD GC] SyouTa pos=(9, 42) action=0 move=(0, 0) ability=False
[ATTACKER GUARD GC] Absol pos=(10, 38) action=0 move=(0, 0) ability=False
[ATTACKER GUARD GC] eKo pos=(12, 2) action=6 move=(0, -1) ability=False
[ATTACKER GUARD GC] SugarZ3ro pos=(11, 2) action=2 move=(-1, 0) ability=False
[ATTACKER GUARD GC] Xdll pos=(13, 1) action=0 move=(0, 0) ability=False
[ATTACKER GUARD GC] SyouTa pos=(9, 42) action=0 move=(0, 0) ability=False
[ATTACKER GUARD GC] Absol pos=(10, 38) action=0 move=(0, 0) ability=False
[ATTACKER GUARD GC] eKo pos=(12, 1) action=2 move=(-1, 0) ability=False
[ATTACKER GUARD GC] SugarZ3ro pos=(10, 2) action=4 move=(1, 0) ability=False
[ATTACKER GUARD GC] Xdll pos=(13, 1) action=2 move=(-1, 0) ability=False
[ATTACKER GUARD GC] SyouTa pos=(9, 42) action=0 move=(0, 0) ability=False
[ATTACKER GUARD GC] Absol pos=(10, 38) action=0 move=(0, 0) ability=False
[ATTACKER GUARD GC] eKo pos=(11, 1) action=2 move=(-1, 0) ability=False
[ATTACKER GUARD GC] SugarZ3ro pos=(11, 2) action=2 move=(-1, 0) ability=False
[ATTACKER GUARD GC] Xdll pos=(12, 1) action=4 move=(1, 0) ability=False
[ATTACKER GUARD GC] SyouTa pos=(9, 42) action=0 move=(0, 0) ability=False
[ATTACKER GUARD GC] Absol pos=(10, 38) action=0 move=(0, 0) ability=False
[ATTACKER GUARD GC] eKo pos=(10, 1) action=4 move=(1, 0) ability=False
[ATTACKER GUARD GC] SugarZ3ro pos=(10, 2) action=4 move=(1, 0) ability=False
[ATTACKER GUARD GC] Xdll pos=(13, 1) action=2 move=(-1, 0) ability=False
[ATTACKER GUARD GC] SyouTa pos=(9, 42) action=0 move=(0, 0) ability=False
[ATTACKER GUARD GC] Absol pos=(10, 38) action=0 move=(0, 0) ability=False
[ATTACKER GUARD GC] eKo pos=(11, 1) action=2 move=(-1, 0) ability=False
[ATTACKER GUARD GC] SugarZ3ro pos=(11, 2) action=2 move=(-1, 0) ability=False
[ATTACKER GUARD GC] Xdll pos=(12, 1) action=4 move=(1, 0) ability=False
[ATTACKER GUARD GC] SyouTa pos=(9, 42) action=0 move=(0, 0) ability=False
[ATTACKER GUARD GC] Absol pos=(10, 38) action=0 move=(0, 0) ability=False
[ATTACKER GUARD GC] eKo pos=(10, 1) action=4 move=(1, 0) ability=False
[ATTACKER GUARD GC] SugarZ3ro pos=(10, 2) action=4 move=(1, 0) ability=False
[ATTACKER GUARD GC] Xdll pos=(13, 1) action=2 move=(-1, 0) ability=False
[ATTACKER GUARD GC] SyouTa pos=(9, 42) action=0 move=(0, 0) ability=False
[ATTACKER GUARD GC] Absol pos=(10, 38) action=0 move=(0, 0) ability=False
[ATTACKER GUARD GC] eKo pos=(11, 1) action=2 move=(-1, 0) ability=False
[ATTACKER GUARD GC] SugarZ3ro pos=(11, 2) action=2 move=(-1, 0) ability=False
[ATTACKER GUARD GC] Xdll pos=(12, 1) action=4 move=(1, 0) ability=False
[ATTACKER GUARD GC] SyouTa pos=(9, 42) action=0 move=(0, 0) ability=False
[ATTACKER GUARD GC] Absol pos=(10, 38) action=0 move=(0, 0) ability=False
[ATTACKER GUARD GC] eKo pos=(10, 1) action=4 move=(1, 0) ability=False
[ATTACKER GUARD GC] SugarZ3ro pos=(10, 2) action=4 move=(1, 0) ability=False
[ATTACKER GUARD GC] Xdll pos=(13, 1) action=2 move=(-1, 0) ability=False
[ATTACKER GUARD GC] SyouTa pos=(9, 42) action=0 move=(0, 0) ability=False
[ATTACKER GUARD GC] Absol pos=(10, 38) action=0 move=(0, 0) ability=False
[ATTACKER GUARD GC] eKo pos=(11, 1) action=2 move=(-1, 0) ability=False
[ATTACKER GUARD GC] SugarZ3ro pos=(11, 2) action=2 move=(-1, 0) ability=False
[GC Macro] tick=42 A_SPLIT -> REHIT_B
[GC GUARD] planted=(9, 3) pattern=5 assignments={'Absol': (10, 2), 'SugarZ3ro': (10, 6), 'SyouTa': (15, 3), 'Xdll': (4, 6), 'eKo': (6, 3)}
[ATTACKER GUARD GC] Xdll pos=(10, 16) action=2 move=(-1, 0) ability=False
[ATTACKER GUARD GC] SyouTa pos=(18, 10) action=6 move=(0, -1) ability=False
[ATTACKER GUARD GC] eKo pos=(15, 3) action=2 move=(-1, 0) ability=False
[ATTACKER GUARD GC] SugarZ3ro pos=(14, 18) action=6 move=(0, -1) ability=False
[ATTACKER GUARD GC] Xdll pos=(9, 16) action=6 move=(0, -1) ability=False
[ATTACKER GUARD GC] SyouTa pos=(18, 9) action=2 move=(-1, 0) ability=False
[ATTACKER GUARD GC] Absol pos=(9, 3) action=4 move=(1, 0) ability=False
[ATTACKER GUARD GC] eKo pos=(14, 3) action=2 move=(-1, 0) ability=False
[ATTACKER GUARD GC] SugarZ3ro pos=(14, 17) action=2 move=(-1, 0) ability=False
[ATTACKER GUARD GC] Xdll pos=(9, 15) action=6 move=(0, -1) ability=False
[ATTACKER GUARD GC] SyouTa pos=(17, 9) action=2 move=(-1, 0) ability=False
[ATTACKER GUARD GC] Absol pos=(10, 3) action=6 move=(0, -1) ability=False
[ATTACKER GUARD GC] eKo pos=(13, 3) action=2 move=(-1, 0) ability=False
[ATTACKER GUARD GC] SugarZ3ro pos=(13, 17) action=2 move=(-1, 0) ability=False
[ATTACKER GUARD GC] Xdll pos=(9, 14) action=6 move=(0, -1) ability=False
[ATTACKER GUARD GC] SyouTa pos=(16, 9) action=6 move=(0, -1) ability=False
[ATTACKER GUARD GC] Absol pos=(10, 2) action=0 move=(0, 0) ability=False
[ATTACKER GUARD GC] eKo pos=(12, 3) action=2 move=(-1, 0) ability=False
[ATTACKER GUARD GC] SugarZ3ro pos=(12, 17) action=2 move=(-1, 0) ability=False
[ATTACKER GUARD GC] Xdll pos=(9, 13) action=2 move=(-1, 0) ability=False
[ATTACKER GUARD GC] SyouTa pos=(16, 8) action=6 move=(0, -1) ability=False
[ATTACKER GUARD GC] Absol pos=(10, 2) action=0 move=(0, 0) ability=False
[ATTACKER GUARD GC] eKo pos=(11, 3) action=2 move=(-1, 0) ability=False
[ATTACKER GUARD GC] SugarZ3ro pos=(11, 17) action=2 move=(-1, 0) ability=False
[ATTACKER GUARD GC] Xdll pos=(8, 13) action=6 move=(0, -1) ability=False
[ATTACKER GUARD GC] SyouTa pos=(16, 7) action=6 move=(0, -1) ability=False
[ATTACKER GUARD GC] Absol pos=(10, 2) action=0 move=(0, 0) ability=False
[ATTACKER GUARD GC] eKo pos=(10, 3) action=2 move=(-1, 0) ability=False
[ATTACKER GUARD GC] SugarZ3ro pos=(10, 17) action=2 move=(-1, 0) ability=False
[ATTACKER GUARD GC] Xdll pos=(8, 12) action=2 move=(-1, 0) ability=False
[ATTACKER GUARD GC] SyouTa pos=(16, 6) action=2 move=(-1, 0) ability=False
[ATTACKER GUARD GC] Absol pos=(10, 2) action=0 move=(0, 0) ability=False
[ATTACKER GUARD GC] eKo pos=(9, 3) action=2 move=(-1, 0) ability=False
[ATTACKER GUARD GC] SugarZ3ro pos=(9, 17) action=6 move=(0, -1) ability=False
[ATTACKER GUARD GC] Xdll pos=(7, 12) action=2 move=(-1, 0) ability=False
[ATTACKER GUARD GC] SyouTa pos=(15, 6) action=6 move=(0, -1) ability=False
[ATTACKER GUARD GC] Absol pos=(10, 2) action=0 move=(0, 0) ability=False
[ATTACKER GUARD GC] eKo pos=(8, 3) action=2 move=(-1, 0) ability=False
[ATTACKER GUARD GC] SugarZ3ro pos=(9, 16) action=6 move=(0, -1) ability=False
[ATTACKER GUARD GC] Xdll pos=(6, 12) action=2 move=(-1, 0) ability=False
[ATTACKER GUARD GC] SyouTa pos=(15, 5) action=6 move=(0, -1) ability=False
[ATTACKER GUARD GC] Absol pos=(10, 2) action=0 move=(0, 0) ability=False
[ATTACKER GUARD GC] eKo pos=(7, 3) action=2 move=(-1, 0) ability=False
[ATTACKER GUARD GC] SugarZ3ro pos=(9, 15) action=6 move=(0, -1) ability=False
[ATTACKER GUARD GC] Xdll pos=(5, 12) action=2 move=(-1, 0) ability=False
[ATTACKER GUARD GC] SyouTa pos=(15, 4) action=6 move=(0, -1) ability=False
[ATTACKER GUARD GC] Absol pos=(10, 2) action=0 move=(0, 0) ability=False
[ATTACKER GUARD GC] eKo pos=(6, 3) action=0 move=(0, 0) ability=False
[ATTACKER GUARD GC] SugarZ3ro pos=(9, 14) action=6 move=(0, -1) ability=False
[ATTACKER GUARD GC] Xdll pos=(4, 12) action=6 move=(0, -1) ability=False
[ATTACKER GUARD GC] SyouTa pos=(15, 3) action=0 move=(0, 0) ability=False
[ATTACKER GUARD GC] Absol pos=(10, 2) action=0 move=(0, 0) ability=False
[ATTACKER GUARD GC] eKo pos=(6, 3) action=0 move=(0, 0) ability=False
[ATTACKER GUARD GC] SugarZ3ro pos=(9, 13) action=6 move=(0, -1) ability=False
[ATTACKER GUARD GC] Xdll pos=(4, 11) action=6 move=(0, -1) ability=False
[ATTACKER GUARD GC] SyouTa pos=(15, 3) action=0 move=(0, 0) ability=False
[ATTACKER GUARD GC] Absol pos=(10, 2) action=0 move=(0, 0) ability=False
[ATTACKER GUARD GC] eKo pos=(6, 3) action=0 move=(0, 0) ability=False
[ATTACKER GUARD GC] SugarZ3ro pos=(9, 12) action=4 move=(1, 0) ability=False
[ATTACKER GUARD GC] Xdll pos=(4, 10) action=6 move=(0, -1) ability=False
[ATTACKER GUARD GC] SyouTa pos=(15, 3) action=0 move=(0, 0) ability=False
[ATTACKER GUARD GC] Absol pos=(10, 2) action=0 move=(0, 0) ability=False
[ATTACKER GUARD GC] eKo pos=(6, 3) action=0 move=(0, 0) ability=False
[ATTACKER GUARD GC] SugarZ3ro pos=(10, 12) action=4 move=(1, 0) ability=False
[ATTACKER GUARD GC] Xdll pos=(4, 9) action=6 move=(0, -1) ability=False
[ATTACKER GUARD GC] SyouTa pos=(15, 3) action=0 move=(0, 0) ability=False
[ATTACKER GUARD GC] Absol pos=(10, 2) action=0 move=(0, 0) ability=False
[ATTACKER GUARD GC] eKo pos=(6, 3) action=0 move=(0, 0) ability=False
[ATTACKER GUARD GC] SugarZ3ro pos=(11, 12) action=6 move=(0, -1) ability=False
[ATTACKER GUARD GC] Xdll pos=(4, 8) action=6 move=(0, -1) ability=False
[ATTACKER GUARD GC] SyouTa pos=(15, 3) action=0 move=(0, 0) ability=False
[ATTACKER GUARD GC] Absol pos=(10, 2) action=0 move=(0, 0) ability=False
[ATTACKER GUARD GC] eKo pos=(6, 3) action=0 move=(0, 0) ability=False
[ATTACKER GUARD GC] SugarZ3ro pos=(11, 11) action=6 move=(0, -1) ability=False
[ATTACKER GUARD GC] Xdll pos=(4, 7) action=0 move=(0, 0) ability=False
[ATTACKER GUARD GC] SyouTa pos=(15, 3) action=0 move=(0, 0) ability=False
[ATTACKER GUARD GC] Absol pos=(10, 2) action=0 move=(0, 0) ability=False
[ATTACKER GUARD GC] eKo pos=(6, 3) action=0 move=(0, 0) ability=False
[ATTACKER GUARD GC] SugarZ3ro pos=(11, 10) action=6 move=(0, -1) ability=False
[ATTACKER GUARD GC] SyouTa pos=(15, 3) action=0 move=(0, 0) ability=False
[ATTACKER GUARD GC] Absol pos=(10, 2) action=0 move=(0, 0) ability=False
[ATTACKER GUARD GC] eKo pos=(6, 3) action=0 move=(0, 0) ability=False
[ATTACKER GUARD GC] SugarZ3ro pos=(11, 9) action=6 move=(0, -1) ability=False
[ATTACKER GUARD GC] SyouTa pos=(15, 3) action=0 move=(0, 0) ability=False
[ATTACKER GUARD GC] Absol pos=(10, 2) action=0 move=(0, 0) ability=False
[ATTACKER GUARD GC] eKo pos=(6, 3) action=0 move=(0, 0) ability=False
[ATTACKER GUARD GC] SugarZ3ro pos=(11, 8) action=6 move=(0, -1) ability=False
[ATTACKER GUARD GC] SyouTa pos=(15, 3) action=0 move=(0, 0) ability=False
[ATTACKER GUARD GC] Absol pos=(10, 2) action=0 move=(0, 0) ability=False
[ATTACKER GUARD GC] eKo pos=(6, 3) action=0 move=(0, 0) ability=False
[ATTACKER GUARD GC] SugarZ3ro pos=(11, 7) action=0 move=(0, 0) ability=False
[ATTACKER GUARD GC] SyouTa pos=(15, 3) action=0 move=(0, 0) ability=False
[ATTACKER GUARD GC] Absol pos=(10, 2) action=0 move=(0, 0) ability=False
[ATTACKER GUARD GC] eKo pos=(6, 3) action=0 move=(0, 0) ability=False
[ATTACKER GUARD GC] SugarZ3ro pos=(11, 7) action=0 move=(0, 0) ability=False
[ATTACKER GUARD GC] SyouTa pos=(15, 3) action=3 move=(-1, 0) ability=True
[ATTACKER GUARD GC] Absol pos=(10, 2) action=0 move=(0, 0) ability=False
[ATTACKER GUARD GC] eKo pos=(6, 3) action=0 move=(0, 0) ability=False
[ATTACKER GUARD GC] SugarZ3ro pos=(11, 7) action=0 move=(0, 0) ability=False
[ATTACKER GUARD GC] SyouTa pos=(15, 3) action=0 move=(0, 0) ability=False
[ATTACKER GUARD GC] Absol pos=(10, 2) action=0 move=(0, 0) ability=False
[ATTACKER GUARD GC] eKo pos=(6, 3) action=0 move=(0, 0) ability=False
[ATTACKER GUARD GC] SugarZ3ro pos=(11, 7) action=0 move=(0, 0) ability=False
[ATTACKER GUARD GC] SyouTa pos=(15, 3) action=0 move=(0, 0) ability=False
[ATTACKER GUARD GC] Absol pos=(10, 2) action=0 move=(0, 0) ability=False
[ATTACKER GUARD GC] eKo pos=(6, 3) action=0 move=(0, 0) ability=False
[ATTACKER GUARD GC] SyouTa pos=(15, 3) action=0 move=(0, 0) ability=False
[ATTACKER GUARD GC] Absol pos=(10, 2) action=0 move=(0, 0) ability=False
[ATTACKER GUARD GC] eKo pos=(6, 3) action=0 move=(0, 0) ability=False
[ATTACKER GUARD GC] SyouTa pos=(15, 3) action=0 move=(0, 0) ability=False
[ATTACKER GUARD GC] Absol pos=(10, 2) action=0 move=(0, 0) ability=False
[ATTACKER GUARD GC] eKo pos=(6, 3) action=0 move=(0, 0) ability=False
[ATTACKER GUARD GC] SyouTa pos=(15, 3) action=0 move=(0, 0) ability=False
[ATTACKER GUARD GC] Absol pos=(10, 2) action=0 move=(0, 0) ability=False
[ATTACKER GUARD GC] eKo pos=(6, 3) action=0 move=(0, 0) ability=False
[ATTACKER GUARD GC] SyouTa pos=(15, 3) action=0 move=(0, 0) ability=False
[ATTACKER GUARD GC] Absol pos=(10, 2) action=0 move=(0, 0) ability=False
[ATTACKER GUARD GC] eKo pos=(6, 3) action=0 move=(0, 0) ability=False
[ATTACKER GUARD GC] SyouTa pos=(15, 3) action=0 move=(0, 0) ability=False
[ATTACKER GUARD GC] Absol pos=(10, 2) action=0 move=(0, 0) ability=False
[ATTACKER GUARD GC] eKo pos=(6, 3) action=0 move=(0, 0) ability=False
[ATTACKER GUARD GC] SyouTa pos=(15, 3) action=0 move=(0, 0) ability=False
[ATTACKER GUARD GC] Absol pos=(10, 2) action=0 move=(0, 0) ability=False
[ATTACKER GUARD GC] eKo pos=(6, 3) action=0 move=(0, 0) ability=False
[ATTACKER GUARD GC] SyouTa pos=(15, 3) action=0 move=(0, 0) ability=False
[ATTACKER GUARD GC] Absol pos=(10, 2) action=0 move=(0, 0) ability=False
[ATTACKER GUARD GC] eKo pos=(6, 3) action=0 move=(0, 0) ability=False
[ATTACKER GUARD GC] SyouTa pos=(15, 3) action=0 move=(0, 0) ability=False
[ATTACKER GUARD GC] Absol pos=(10, 2) action=0 move=(0, 0) ability=False
[ATTACKER GUARD GC] eKo pos=(6, 3) action=0 move=(0, 0) ability=False
[ATTACKER GUARD GC] SyouTa pos=(15, 3) action=0 move=(0, 0) ability=False
[ATTACKER GUARD GC] Absol pos=(10, 2) action=0 move=(0, 0) ability=False
[ATTACKER GUARD GC] eKo pos=(6, 3) action=0 move=(0, 0) ability=False
[ATTACKER GUARD GC] SyouTa pos=(15, 3) action=0 move=(0, 0) ability=False
[ATTACKER GUARD GC] Absol pos=(10, 2) action=0 move=(0, 0) ability=False
[ATTACKER GUARD GC] eKo pos=(6, 3) action=0 move=(0, 0) ability=False
[ATTACKER GUARD GC] SyouTa pos=(15, 3) action=0 move=(0, 0) ability=False
[ATTACKER GUARD GC] Absol pos=(10, 2) action=0 move=(0, 0) ability=False
[ATTACKER GUARD GC] eKo pos=(6, 3) action=0 move=(0, 0) ability=False
[ATTACKER GUARD GC] SyouTa pos=(15, 3) action=0 move=(0, 0) ability=False
[ATTACKER GUARD GC] Absol pos=(10, 2) action=0 move=(0, 0) ability=False
[ATTACKER GUARD GC] eKo pos=(6, 3) action=0 move=(0, 0) ability=False
[ATTACKER GUARD GC] SyouTa pos=(15, 3) action=0 move=(0, 0) ability=False
[ATTACKER GUARD GC] Absol pos=(10, 2) action=0 move=(0, 0) ability=False
[ATTACKER GUARD GC] eKo pos=(6, 3) action=0 move=(0, 0) ability=False
[ATTACKER GUARD GC] SyouTa pos=(15, 3) action=0 move=(0, 0) ability=False
[ATTACKER GUARD GC] Absol pos=(10, 2) action=0 move=(0, 0) ability=False
[ATTACKER GUARD GC] eKo pos=(6, 3) action=0 move=(0, 0) ability=False
[ATTACKER GUARD GC] SyouTa pos=(15, 3) action=0 move=(0, 0) ability=False
[ATTACKER GUARD GC] Absol pos=(10, 2) action=0 move=(0, 0) ability=False
[ATTACKER GUARD GC] eKo pos=(6, 3) action=0 move=(0, 0) ability=False
[ATTACKER GUARD GC] SyouTa pos=(15, 3) action=0 move=(0, 0) ability=False
[ATTACKER GUARD GC] Absol pos=(10, 2) action=0 move=(0, 0) ability=False
[ATTACKER GUARD GC] eKo pos=(6, 3) action=0 move=(0, 0) ability=False
[ATTACKER GUARD GC] SyouTa pos=(15, 3) action=0 move=(0, 0) ability=False
[ATTACKER GUARD GC] Absol pos=(10, 2) action=0 move=(0, 0) ability=False
[ATTACKER GUARD GC] eKo pos=(6, 3) action=0 move=(0, 0) ability=False
[ATTACKER GUARD GC] SyouTa pos=(15, 3) action=0 move=(0, 0) ability=False
[ATTACKER GUARD GC] Absol pos=(10, 2) action=0 move=(0, 0) ability=False
[ATTACKER GUARD GC] eKo pos=(6, 3) action=0 move=(0, 0) ability=False
[ATTACKER GUARD GC] SyouTa pos=(15, 3) action=0 move=(0, 0) ability=False
[ATTACKER GUARD GC] Absol pos=(10, 2) action=0 move=(0, 0) ability=False
[ATTACKER GUARD GC] eKo pos=(6, 3) action=0 move=(0, 0) ability=False
[ATTACKER GUARD GC] SyouTa pos=(15, 3) action=0 move=(0, 0) ability=False
[ATTACKER GUARD GC] Absol pos=(10, 2) action=0 move=(0, 0) ability=False
[ATTACKER GUARD GC] eKo pos=(6, 3) action=0 move=(0, 0) ability=False
[ATTACKER GUARD GC] SyouTa pos=(15, 3) action=0 move=(0, 0) ability=False
[ATTACKER GUARD GC] Absol pos=(10, 2) action=0 move=(0, 0) ability=False
[ATTACKER GUARD GC] eKo pos=(6, 3) action=0 move=(0, 0) ability=False
[ATTACKER GUARD GC] SyouTa pos=(15, 3) action=0 move=(0, 0) ability=False
[ATTACKER GUARD GC] Absol pos=(10, 2) action=0 move=(0, 0) ability=False
[ATTACKER GUARD GC] eKo pos=(6, 3) action=0 move=(0, 0) ability=False
[ATTACKER GUARD GC] SyouTa pos=(15, 3) action=0 move=(0, 0) ability=False
[ATTACKER GUARD GC] Absol pos=(10, 2) action=0 move=(0, 0) ability=False
[ATTACKER GUARD GC] eKo pos=(6, 3) action=0 move=(0, 0) ability=False
[ATTACKER GUARD GC] SyouTa pos=(15, 3) action=0 move=(0, 0) ability=False
[ATTACKER GUARD GC] Absol pos=(10, 2) action=0 move=(0, 0) ability=False
[ATTACKER GUARD GC] eKo pos=(6, 3) action=0 move=(0, 0) ability=False
[GC Macro] tick=9 B_RUSH -> B_SPLIT
[GC GUARD] planted=(9, 3) pattern=5 assignments={'Absol': (10, 2), 'SugarZ3ro': (15, 3)}
[ATTACKER GUARD GC] SugarZ3ro pos=(20, 42) action=6 move=(0, -1) ability=False
[ATTACKER GUARD GC] Absol pos=(9, 3) action=4 move=(1, 0) ability=False
[ATTACKER GUARD GC] SugarZ3ro pos=(20, 41) action=6 move=(0, -1) ability=False
[ATTACKER GUARD GC] Absol pos=(10, 3) action=6 move=(0, -1) ability=False
[ATTACKER GUARD GC] SugarZ3ro pos=(20, 40) action=4 move=(1, 0) ability=False
[ATTACKER GUARD GC] Absol pos=(10, 2) action=7 move=(0, -1) ability=True
[ATTACKER GUARD GC] SugarZ3ro pos=(21, 40) action=4 move=(1, 0) ability=False
[ATTACKER GUARD GC] Absol pos=(10, 2) action=0 move=(0, 0) ability=False
[ATTACKER GUARD GC] SugarZ3ro pos=(22, 40) action=6 move=(0, -1) ability=False
[ATTACKER GUARD GC] Absol pos=(10, 2) action=0 move=(0, 0) ability=False
[ATTACKER GUARD GC] SugarZ3ro pos=(22, 39) action=6 move=(0, -1) ability=False
[ATTACKER GUARD GC] Absol pos=(10, 2) action=0 move=(0, 0) ability=False
[ATTACKER GUARD GC] SugarZ3ro pos=(22, 38) action=6 move=(0, -1) ability=False
[ATTACKER GUARD GC] Absol pos=(10, 2) action=0 move=(0, 0) ability=False
[ATTACKER GUARD GC] SugarZ3ro pos=(22, 37) action=6 move=(0, -1) ability=False
[ATTACKER GUARD GC] Absol pos=(10, 2) action=0 move=(0, 0) ability=False
[ATTACKER GUARD GC] SugarZ3ro pos=(22, 36) action=6 move=(0, -1) ability=False
[ATTACKER GUARD GC] Absol pos=(10, 2) action=0 move=(0, 0) ability=False
[ATTACKER GUARD GC] SugarZ3ro pos=(22, 35) action=6 move=(0, -1) ability=False
[ATTACKER GUARD GC] Absol pos=(10, 2) action=0 move=(0, 0) ability=False
[ATTACKER GUARD GC] SugarZ3ro pos=(22, 34) action=6 move=(0, -1) ability=False
[ATTACKER GUARD GC] Absol pos=(10, 2) action=0 move=(0, 0) ability=False
[ATTACKER GUARD GC] SugarZ3ro pos=(22, 33) action=6 move=(0, -1) ability=False
[ATTACKER GUARD GC] Absol pos=(10, 2) action=0 move=(0, 0) ability=False
[ATTACKER GUARD GC] SugarZ3ro pos=(22, 32) action=6 move=(0, -1) ability=False
[ATTACKER GUARD GC] Absol pos=(10, 2) action=0 move=(0, 0) ability=False
[ATTACKER GUARD GC] SugarZ3ro pos=(22, 31) action=6 move=(0, -1) ability=False
[ATTACKER GUARD GC] Absol pos=(10, 2) action=0 move=(0, 0) ability=False
[ATTACKER GUARD GC] SugarZ3ro pos=(22, 30) action=6 move=(0, -1) ability=False
[ATTACKER GUARD GC] Absol pos=(10, 2) action=0 move=(0, 0) ability=False
[ATTACKER GUARD GC] SugarZ3ro pos=(22, 29) action=6 move=(0, -1) ability=False
[ATTACKER GUARD GC] Absol pos=(10, 2) action=0 move=(0, 0) ability=False
[ATTACKER GUARD GC] SugarZ3ro pos=(22, 28) action=6 move=(0, -1) ability=False
[ATTACKER GUARD GC] Absol pos=(10, 2) action=0 move=(0, 0) ability=False
[ATTACKER GUARD GC] SugarZ3ro pos=(22, 27) action=6 move=(0, -1) ability=False
[ATTACKER GUARD GC] Absol pos=(10, 2) action=0 move=(0, 0) ability=False
[ATTACKER GUARD GC] SugarZ3ro pos=(22, 26) action=6 move=(0, -1) ability=False
[ATTACKER GUARD GC] Absol pos=(10, 2) action=0 move=(0, 0) ability=False
[ATTACKER GUARD GC] SugarZ3ro pos=(22, 25) action=6 move=(0, -1) ability=False
[ATTACKER GUARD GC] Absol pos=(10, 2) action=0 move=(0, 0) ability=False
[ATTACKER GUARD GC] SugarZ3ro pos=(22, 24) action=6 move=(0, -1) ability=False
[ATTACKER GUARD GC] Absol pos=(10, 2) action=0 move=(0, 0) ability=False
[ATTACKER GUARD GC] SugarZ3ro pos=(22, 23) action=6 move=(0, -1) ability=False
[ATTACKER GUARD GC] Absol pos=(10, 2) action=0 move=(0, 0) ability=False
[ATTACKER GUARD GC] SugarZ3ro pos=(22, 22) action=6 move=(0, -1) ability=False
[ATTACKER GUARD GC] Absol pos=(10, 2) action=0 move=(0, 0) ability=False
[ATTACKER GUARD GC] SugarZ3ro pos=(22, 21) action=6 move=(0, -1) ability=False
[ATTACKER GUARD GC] Absol pos=(10, 2) action=0 move=(0, 0) ability=False
[ATTACKER GUARD GC] SugarZ3ro pos=(22, 20) action=6 move=(0, -1) ability=False
[ATTACKER GUARD GC] Absol pos=(10, 2) action=0 move=(0, 0) ability=False
[ATTACKER GUARD GC] SugarZ3ro pos=(22, 19) action=6 move=(0, -1) ability=False
[ATTACKER GUARD GC] Absol pos=(10, 2) action=0 move=(0, 0) ability=False
[ATTACKER GUARD GC] SugarZ3ro pos=(22, 18) action=6 move=(0, -1) ability=False
[ATTACKER GUARD GC] Absol pos=(10, 2) action=0 move=(0, 0) ability=False
[ATTACKER GUARD GC] SugarZ3ro pos=(22, 17) action=6 move=(0, -1) ability=False
[ATTACKER GUARD GC] Absol pos=(10, 2) action=0 move=(0, 0) ability=False
[ATTACKER GUARD GC] SugarZ3ro pos=(22, 16) action=2 move=(-1, 0) ability=False
[ATTACKER GUARD GC] Absol pos=(10, 2) action=0 move=(0, 0) ability=False
[ATTACKER GUARD GC] SugarZ3ro pos=(21, 16) action=6 move=(0, -1) ability=False
[ATTACKER GUARD GC] Absol pos=(10, 2) action=0 move=(0, 0) ability=False
[ATTACKER GUARD GC] SugarZ3ro pos=(21, 15) action=6 move=(0, -1) ability=False
[ATTACKER GUARD GC] Absol pos=(10, 2) action=0 move=(0, 0) ability=False
[ATTACKER GUARD GC] SugarZ3ro pos=(21, 14) action=6 move=(0, -1) ability=False
[ATTACKER GUARD GC] SugarZ3ro pos=(21, 13) action=0 move=(0, 0) ability=False
[ATTACKER GUARD GC] SugarZ3ro pos=(21, 13) action=0 move=(0, 0) ability=False
[ATTACKER GUARD GC] SugarZ3ro pos=(21, 13) action=0 move=(0, 0) ability=False
[ATTACKER GUARD GC] SugarZ3ro pos=(21, 13) action=0 move=(0, 0) ability=False
[ATTACKER GUARD GC] SugarZ3ro pos=(21, 13) action=0 move=(0, 0) ability=False
[ATTACKER GUARD GC] SugarZ3ro pos=(21, 13) action=0 move=(0, 0) ability=False
[ATTACKER GUARD GC] SugarZ3ro pos=(21, 13) action=0 move=(0, 0) ability=False
[ATTACKER GUARD GC] SugarZ3ro pos=(21, 13) action=4 move=(1, 0) ability=False
[ATTACKER GUARD GC] SugarZ3ro pos=(22, 13) action=2 move=(-1, 0) ability=False
[GC v1] loaded LearningDefenderSearchGCController: D:\git\ai_dnn\03.game\gc_v1\data\defender_search_gc_data\dqn_defender_search_gc_best_by_eval.pt
[GC v1] loaded LearningDefenderRetakeGCController: D:\git\ai_dnn\03.game\gc_v1\data\defender_retake_gc_data\dqn_defender_retake_gc_best_by_eval.pt
[GC v1][D] search=True retake=True
[GC D-SETUP] preserving checkpoint opponent slots; unknown opponents use a zero vector
[GC D-SETUP] loaded D:\git\ai_dnn\03.game\gc_v1\data\defender_setup_gc_data\dqn_defender_setup_gc_best.pt episode=400 bestSetup=+0.8962 allArrived=1.000 variations=('BALANCED', 'LEFT_LEAN', 'RIGHT_LEAN')
[GC D-OPENING] loaded D:\git\ai_dnn\03.game\gc_v1\data\defender_opening_macro_gc_data\dqn_defender_opening_macro_gc_final.pt episode=9200 bestWR=1.000
[GC D-SETUP] assignments=Xdll->(6, 6), SyouTa->(6, 12), Absol->(6, 17), eKo->(2, 35), SugarZ3ro->(7, 31)
[GC D-OPENING] setup variation=RIGHT_LEAN
[GC D-OPENING] PLAN SMOKE#5 caster=SugarZ3ro origin=None target=(22, 40)
[GC D-OPENING] PLAN FLASH#2 caster=Absol origin=(8, 3) target=(16, 3)
[GC D-OPENING] PLAN RECON#2 caster=Xdll origin=(13, 6) target=(13, 7)
[GC D-OPENING] EXECUTE SMOKE#5 SugarZ3ro -> (22, 40) tick=20
[GC D-OPENING] CANCEL FLASH#2 reason=DROPPED_SPIKE
[GC D-OPENING] CANCEL RECON#2 reason=DROPPED_SPIKE
[GC D-SETUP] assignments=Xdll->(6, 6), SyouTa->(6, 12), Absol->(6, 17), eKo->(2, 35), SugarZ3ro->(7, 31)
[GC D-OPENING] setup variation=RIGHT_LEAN
[GC D-OPENING] PLAN SMOKE#5 caster=SugarZ3ro origin=None target=(22, 40)
[GC D-OPENING] PLAN FLASH#2 caster=Absol origin=(8, 3) target=(16, 3)
[GC D-OPENING] PLAN RECON#2 caster=Xdll origin=(13, 6) target=(13, 7)
[GC D-OPENING] CANCEL SMOKE#5 reason=OPENING_TIMEOUT
[GC D-OPENING] CANCEL FLASH#2 reason=OPENING_TIMEOUT
[GC D-OPENING] CANCEL RECON#2 reason=OPENING_TIMEOUT
[GC D-SETUP] assignments=Xdll->(6, 6), SyouTa->(6, 12), Absol->(6, 17), eKo->(2, 35), SugarZ3ro->(7, 31)
[GC D-OPENING] setup variation=RIGHT_LEAN
[GC D-OPENING] PLAN SMOKE#5 caster=SugarZ3ro origin=None target=(22, 40)
[GC D-OPENING] PLAN FLASH#2 caster=Absol origin=(8, 3) target=(16, 3)
[GC D-OPENING] PLAN RECON#2 caster=Xdll origin=(13, 6) target=(13, 7)
[GC D-OPENING] EXECUTE SMOKE#5 SugarZ3ro -> (22, 40) tick=16
[GC D-OPENING] CANCEL FLASH#2 reason=MAIN_FORCE_X3
[GC D-OPENING] CANCEL RECON#2 reason=MAIN_FORCE_X3
[GC D-SETUP] assignments=Xdll->(6, 6), SyouTa->(6, 12), Absol->(6, 17), eKo->(2, 35), SugarZ3ro->(7, 31)
[GC D-OPENING] setup variation=LEFT_LEAN
[GC D-OPENING] PLAN SMOKE#5 caster=SugarZ3ro origin=None target=(22, 40)
[GC D-OPENING] PLAN FLASH#2 caster=Absol origin=(8, 3) target=(16, 3)
[GC D-OPENING] PLAN RECON#2 caster=Xdll origin=(13, 6) target=(13, 7)
[GC D-OPENING] EXECUTE SMOKE#5 SugarZ3ro -> (22, 40) tick=20
[GC D-OPENING] CANCEL FLASH#2 reason=DROPPED_SPIKE
[GC D-OPENING] CANCEL RECON#2 reason=DROPPED_SPIKE
[GC D-SETUP] assignments=Xdll->(6, 6), SyouTa->(6, 12), Absol->(6, 17), eKo->(2, 35), SugarZ3ro->(7, 31)
[GC D-OPENING] setup variation=BALANCED
[GC D-OPENING] PLAN SMOKE#5 caster=SugarZ3ro origin=None target=(22, 40)
[GC D-OPENING] PLAN FLASH#2 caster=Absol origin=(8, 3) target=(16, 3)
[GC D-OPENING] PLAN RECON#2 caster=Xdll origin=(13, 6) target=(13, 7)
[GC D-OPENING] EXECUTE SMOKE#5 SugarZ3ro -> (22, 40) tick=20
[GC D-OPENING] EXECUTE FLASH#2 Absol (8, 3)->(16, 3) tick=29
[GC D-OPENING] CANCEL RECON#2 reason=OPENING_TIMEOUT
[GC D-SETUP] assignments=Xdll->(6, 6), SyouTa->(6, 12), Absol->(6, 17), eKo->(2, 35), SugarZ3ro->(7, 31)
[GC D-OPENING] setup variation=RIGHT_LEAN
[GC D-OPENING] PLAN SMOKE#5 caster=SugarZ3ro origin=None target=(22, 40)
[GC D-OPENING] PLAN FLASH#2 caster=Absol origin=(8, 3) target=(16, 3)
[GC D-OPENING] PLAN RECON#2 caster=Xdll origin=(13, 6) target=(13, 7)
[GC D-OPENING] EXECUTE SMOKE#5 SugarZ3ro -> (22, 40) tick=20
[GC D-OPENING] CANCEL FLASH#2 reason=DROPPED_SPIKE
[GC D-OPENING] CANCEL RECON#2 reason=DROPPED_SPIKE
[GC D-SETUP] assignments=Xdll->(6, 6), SyouTa->(6, 12), Absol->(6, 17), eKo->(2, 35), SugarZ3ro->(7, 31)
[GC D-OPENING] setup variation=BALANCED
[GC D-OPENING] PLAN SMOKE#5 caster=SugarZ3ro origin=None target=(22, 40)
[GC D-OPENING] PLAN FLASH#2 caster=Absol origin=(8, 3) target=(16, 3)
[GC D-OPENING] PLAN RECON#2 caster=Xdll origin=(13, 6) target=(13, 7)
[GC D-OPENING] EXECUTE SMOKE#5 SugarZ3ro -> (22, 40) tick=20
[GC D-OPENING] CANCEL FLASH#2 reason=DROPPED_SPIKE
[GC D-OPENING] CANCEL RECON#2 reason=DROPPED_SPIKE
MATCH OVER: Ghost Champions WINS! (13 - 6)
